Square Feet,Beds,Baths,Garages,Image Path
3041.0,3.0,2.5,2.0,images/0_1.jpg
784.0,1.0,1.0,1.0,images/0_2.jpg
2486.0,3.0,2.5,1.0,images/0_3.jpg
2220.0,3.0,2.0,1.0,images/0_4.jpg
3776.0,3.0,3.5,1.0,images/0_5.jpg
2765.0,3.0,2.5,2.0,images/0_6.jpg
2039.0,3.0,2.0,1.0,images/0_7.jpg
2400.0,3.0,3.5,1.0,images/0_8.jpg
2030.0,3.0,2.0,1.0,images/0_9.jpg
612.0,1.0,1.0,1.0,images/0_10.jpg
1800.0,3.0,2.0,1.0,images/0_11.jpg
2000.0,3.0,2.5,1.0,images/0_12.jpg
2235.0,4.0,3.0,2.0,images/0_13.jpg
1260.0,2.0,2.0,1.0,images/0_14.jpg
2016.0,3.0,2.5,1.0,images/0_15.jpg
3374.0,3.0,3.5,2.0,images/0_16.jpg
2084.0,3.0,2.5,2.0,images/0_17.jpg
924.0,2.0,1.0,1.0,images/0_18.jpg
525.0,1.0,1.0,2.0,images/0_19.jpg
2765.0,3.0,2.5,2.0,images/0_20.jpg
3399.0,3.0,3.0,2.0,images/0_21.jpg
1800.0,3.0,3.0,1.0,images/0_22.jpg
1596.0,3.0,2.0,1.0,images/0_23.jpg
1639.0,3.0,2.0,1.0,images/0_24.jpg
2693.0,3.0,2.5,2.0,images/0_25.jpg
2250.0,3.0,2.5,2.0,images/0_26.jpg
2168.0,3.0,2.5,1.0,images/0_27.jpg
2311.0,3.0,2.5,2.0,images/0_28.jpg
896.0,2.0,1.0,1.0,images/0_29.jpg
2000.0,4.0,3.0,1.0,images/0_30.jpg
1879.0,3.0,2.0,1.0,images/1_1.jpg
1642.0,3.0,2.5,1.0,images/1_2.jpg
1200.0,3.0,2.0,1.0,images/1_3.jpg
624.0,1.0,1.0,1.0,images/1_4.jpg
2234.0,3.0,2.5,1.0,images/1_5.jpg
1473.0,3.0,2.0,1.0,images/1_6.jpg
1788.0,3.0,2.0,1.0,images/1_7.jpg
2073.0,3.0,2.5,1.0,images/1_8.jpg
1374.0,3.0,2.0,2.0,images/1_9.jpg
1024.0,1.0,1.5,1.0,images/1_10.jpg
1749.0,3.0,2.0,1.0,images/1_11.jpg
2988.0,4.0,3.0,2.0,images/1_12.jpg
1914.0,3.0,2.0,1.0,images/1_13.jpg
691.0,2.0,1.0,1.0,images/1_14.jpg
1451.0,3.0,2.0,1.0,images/1_15.jpg
1428.0,3.0,2.0,1.0,images/1_16.jpg
2296.0,3.0,3.0,2.0,images/1_17.jpg
999.0,2.0,2.0,1.0,images/1_18.jpg
3797.0,4.0,3.5,2.0,images/1_19.jpg
1697.0,3.0,2.0,1.0,images/1_20.jpg
788.0,1.0,1.0,1.0,images/1_21.jpg
3742.0,4.0,4.0,2.0,images/1_22.jpg
1440.0,2.0,2.0,1.0,images/1_23.jpg
1947.0,4.0,2.5,1.0,images/1_24.jpg
680.0,1.0,1.0,2.0,images/1_25.jpg
1657.0,3.0,2.0,1.0,images/1_26.jpg
1628.0,3.0,2.0,1.0,images/1_27.jpg
2590.0,3.0,3.0,2.0,images/1_28.jpg
640.0,1.0,1.0,2.0,images/1_29.jpg
930.0,2.0,2.0,1.0,images/1_30.jpg
1230.0,3.0,2.0,1.0,images/2_1.jpg
1679.0,2.0,2.0,1.0,images/2_2.jpg
1200.0,2.0,2.0,1.0,images/2_3.jpg
768.0,1.0,1.0,1.0,images/2_4.jpg
624.0,1.0,1.0,1.0,images/2_5.jpg
384.0,1.0,1.0,1.0,images/2_6.jpg
2234.0,3.0,2.5,1.0,images/2_7.jpg
2268.0,3.0,2.0,1.0,images/2_8.jpg
1479.0,3.0,2.0,2.0,images/2_9.jpg
1727.0,2.0,2.0,2.0,images/2_10.jpg
1770.0,3.0,2.5,2.0,images/2_11.jpg
522.0,1.0,1.0,2.0,images/2_12.jpg
1277.0,3.0,2.0,1.0,images/2_13.jpg
1966.0,4.0,3.0,2.0,images/2_14.jpg
1143.0,2.0,1.0,1.0,images/2_15.jpg
900.0,2.0,1.0,1.0,images/2_16.jpg
1599.0,2.0,2.0,2.0,images/2_17.jpg
1374.0,3.0,2.0,2.0,images/2_18.jpg
640.0,1.0,1.0,1.0,images/2_19.jpg
761.0,2.0,1.0,2.0,images/2_20.jpg
1011.0,2.0,2.0,2.0,images/2_21.jpg
2662.0,3.0,3.0,2.0,images/2_22.jpg
1011.0,2.0,2.0,2.0,images/2_23.jpg
1400.0,2.0,2.0,2.0,images/2_24.jpg
896.0,1.0,1.5,1.0,images/2_25.jpg
600.0,1.0,1.0,1.0,images/2_26.jpg
935.0,2.0,1.0,1.0,images/2_27.jpg
1162.0,2.0,2.0,1.0,images/2_28.jpg
598.0,1.0,1.0,1.0,images/2_29.jpg
480.0,2.0,1.0,1.0,images/2_30.jpg
3345.0,3.0,3.5,2.0,images/3_1.jpg
3458.0,4.0,4.5,3.0,images/3_2.jpg
3776.0,3.0,3.5,1.0,images/3_3.jpg
1679.0,2.0,2.0,1.0,images/3_4.jpg
3595.0,3.0,4.5,3.0,images/3_5.jpg
2235.0,3.0,2.5,1.0,images/3_6.jpg
1200.0,2.0,2.0,1.0,images/3_7.jpg
1509.0,3.0,2.0,2.0,images/3_8.jpg
926.0,2.0,2.0,1.0,images/3_9.jpg
1576.0,3.0,2.0,2.0,images/3_10.jpg
3374.0,3.0,3.5,2.0,images/3_11.jpg
2287.0,3.0,3.0,2.0,images/3_12.jpg
1105.0,2.0,2.0,1.0,images/3_13.jpg
2827.0,3.0,3.0,2.0,images/3_14.jpg
3164.0,4.0,2.5,2.0,images/3_15.jpg
3638.0,3.0,3.5,1.0,images/3_16.jpg
3105.0,4.0,3.0,2.0,images/3_17.jpg
1212.0,2.0,1.0,1.0,images/3_18.jpg
3224.0,6.0,4.5,2.0,images/3_19.jpg
2358.0,3.0,2.5,1.0,images/3_20.jpg
1913.0,3.0,2.0,1.0,images/3_21.jpg
1731.0,3.0,2.0,1.0,images/3_22.jpg
1131.0,3.0,2.0,1.0,images/3_23.jpg
1639.0,3.0,2.0,1.0,images/3_24.jpg
3083.0,3.0,3.5,1.0,images/3_25.jpg
2250.0,3.0,2.5,2.0,images/3_26.jpg
985.0,2.0,2.0,2.0,images/3_27.jpg
2268.0,3.0,2.0,1.0,images/3_28.jpg
1552.0,3.0,2.0,1.0,images/3_29.jpg
1373.0,3.0,2.0,1.0,images/3_30.jpg
1616.0,2.0,2.0,2.0,images/4_1.jpg
1742.0,3.0,2.5,1.0,images/4_2.jpg
2743.0,4.0,4.5,2.0,images/4_3.jpg
2510.0,3.0,2.5,1.0,images/4_4.jpg
1285.0,2.0,2.0,1.0,images/4_5.jpg
1486.0,3.0,2.0,1.0,images/4_6.jpg
928.0,2.0,2.0,1.0,images/4_7.jpg
988.0,2.0,2.0,1.0,images/4_8.jpg
1254.0,2.0,2.0,1.0,images/4_9.jpg
926.0,2.0,2.0,1.0,images/4_10.jpg
2016.0,3.0,2.5,1.0,images/4_11.jpg
800.0,2.0,1.0,1.0,images/4_12.jpg
1500.0,3.0,2.0,1.0,images/4_13.jpg
1300.0,3.0,2.0,1.0,images/4_14.jpg
1425.0,3.0,2.0,1.0,images/4_15.jpg
1764.0,4.0,2.0,1.0,images/4_16.jpg
1212.0,2.0,1.0,1.0,images/4_17.jpg
618.0,1.0,1.0,2.0,images/4_18.jpg
4658.0,6.0,4.5,2.0,images/4_19.jpg
2526.0,3.0,2.5,2.0,images/4_20.jpg
1200.0,3.0,2.0,1.0,images/4_21.jpg
1732.0,4.0,2.5,1.0,images/4_22.jpg
856.0,2.0,1.0,1.0,images/4_23.jpg
624.0,1.0,1.0,1.0,images/4_24.jpg
1257.0,2.0,2.0,1.0,images/4_25.jpg
736.0,2.0,1.0,1.0,images/4_26.jpg
872.0,1.0,1.5,1.0,images/4_27.jpg
1450.0,3.0,2.0,1.0,images/4_28.jpg
1302.0,3.0,2.0,2.0,images/4_29.jpg
1738.0,3.0,2.5,2.0,images/4_30.jpg
1908.0,3.0,2.5,2.0,images/5_1.jpg
784.0,1.0,1.0,1.0,images/5_2.jpg
2085.0,3.0,2.5,1.0,images/5_3.jpg
1742.0,3.0,2.5,1.0,images/5_4.jpg
2486.0,3.0,2.5,1.0,images/5_5.jpg
2743.0,4.0,4.5,2.0,images/5_6.jpg
2220.0,3.0,2.0,1.0,images/5_7.jpg
1769.0,3.0,2.0,1.0,images/5_8.jpg
3776.0,3.0,3.5,1.0,images/5_9.jpg
2358.0,3.0,2.5,1.0,images/5_10.jpg
2765.0,3.0,2.5,2.0,images/5_11.jpg
2400.0,3.0,3.5,1.0,images/5_12.jpg
1679.0,2.0,2.0,1.0,images/5_13.jpg
612.0,1.0,1.0,1.0,images/5_14.jpg
2400.0,4.0,3.5,1.0,images/5_15.jpg
1924.0,3.0,2.5,1.0,images/5_16.jpg
2326.0,4.0,2.5,1.0,images/5_17.jpg
3127.0,4.0,3.5,1.0,images/5_18.jpg
1843.0,4.0,2.0,1.0,images/5_19.jpg
988.0,2.0,2.0,1.0,images/5_20.jpg
1800.0,3.0,2.0,1.0,images/5_21.jpg
2390.0,4.0,3.0,1.0,images/5_22.jpg
1254.0,2.0,2.0,1.0,images/5_23.jpg
1448.0,2.0,2.0,1.0,images/5_24.jpg
2428.0,3.0,2.5,1.0,images/5_25.jpg
981.0,2.0,2.0,1.0,images/5_26.jpg
2000.0,3.0,2.5,1.0,images/5_27.jpg
2235.0,4.0,3.0,2.0,images/5_28.jpg
1260.0,2.0,2.0,1.0,images/5_29.jpg
1611.0,3.0,2.0,1.0,images/5_30.jpg
3458.0,4.0,4.5,3.0,images/6_1.jpg
960.0,2.0,1.0,1.0,images/6_2.jpg
1769.0,3.0,2.0,1.0,images/6_3.jpg
2358.0,3.0,2.5,1.0,images/6_4.jpg
2765.0,3.0,2.5,2.0,images/6_5.jpg
2039.0,3.0,2.0,1.0,images/6_6.jpg
2030.0,3.0,2.0,1.0,images/6_7.jpg
2303.0,3.0,2.5,1.0,images/6_8.jpg
2400.0,4.0,3.5,1.0,images/6_9.jpg
1817.0,3.0,2.0,1.0,images/6_10.jpg
1843.0,4.0,2.0,1.0,images/6_11.jpg
1421.0,3.0,2.0,1.0,images/6_12.jpg
1879.0,3.0,2.0,1.0,images/6_13.jpg
928.0,2.0,2.0,1.0,images/6_14.jpg
988.0,2.0,2.0,1.0,images/6_15.jpg
988.0,2.0,2.0,1.0,images/6_16.jpg
1254.0,2.0,2.0,1.0,images/6_17.jpg
2428.0,3.0,2.5,1.0,images/6_18.jpg
1698.0,3.0,2.5,1.0,images/6_19.jpg
981.0,2.0,2.0,1.0,images/6_20.jpg
2016.0,3.0,2.5,1.0,images/6_21.jpg
1232.0,2.0,2.0,1.0,images/6_22.jpg
1956.0,3.0,2.5,1.0,images/6_23.jpg
2030.0,3.0,2.0,1.0,images/6_24.jpg
2230.0,3.0,2.5,1.0,images/6_25.jpg
1897.0,4.0,2.0,1.0,images/6_26.jpg
1232.0,2.0,2.0,1.0,images/6_27.jpg
1258.0,3.0,2.0,1.0,images/6_28.jpg
2765.0,3.0,2.5,2.0,images/6_29.jpg
1425.0,3.0,2.0,1.0,images/6_30.jpg
2578.0,4.0,3.5,1.0,images/7_1.jpg
784.0,1.0,1.0,1.0,images/7_2.jpg
2085.0,3.0,2.5,1.0,images/7_3.jpg
1742.0,3.0,2.5,1.0,images/7_4.jpg
2486.0,3.0,2.5,1.0,images/7_5.jpg
2743.0,4.0,4.5,2.0,images/7_6.jpg
2588.0,3.0,2.5,1.0,images/7_7.jpg
2220.0,3.0,2.0,1.0,images/7_8.jpg
2510.0,3.0,2.5,1.0,images/7_9.jpg
960.0,2.0,1.0,1.0,images/7_10.jpg
2358.0,3.0,2.5,1.0,images/7_11.jpg
2352.0,4.0,3.0,1.0,images/7_12.jpg
2765.0,3.0,2.5,2.0,images/7_13.jpg
2039.0,3.0,2.0,1.0,images/7_14.jpg
2400.0,3.0,3.5,1.0,images/7_15.jpg
2030.0,3.0,2.0,1.0,images/7_16.jpg
2303.0,3.0,2.5,1.0,images/7_17.jpg
612.0,1.0,1.0,1.0,images/7_18.jpg
2400.0,4.0,3.5,1.0,images/7_19.jpg
1817.0,3.0,2.0,1.0,images/7_20.jpg
1924.0,3.0,2.5,1.0,images/7_21.jpg
2326.0,4.0,2.5,1.0,images/7_22.jpg
3127.0,4.0,3.5,1.0,images/7_23.jpg
1843.0,4.0,2.0,1.0,images/7_24.jpg
1486.0,3.0,2.0,1.0,images/7_25.jpg
928.0,2.0,2.0,1.0,images/7_26.jpg
988.0,2.0,2.0,1.0,images/7_27.jpg
988.0,2.0,2.0,1.0,images/7_28.jpg
1800.0,3.0,2.0,1.0,images/7_29.jpg
2373.0,4.0,2.5,1.0,images/7_30.jpg
4356.0,4.0,4.5,2.0,images/8_1.jpg
3458.0,4.0,4.5,3.0,images/8_2.jpg
1679.0,2.0,2.0,1.0,images/8_3.jpg
3595.0,3.0,4.5,3.0,images/8_4.jpg
2373.0,4.0,2.5,1.0,images/8_5.jpg
2235.0,3.0,2.5,1.0,images/8_6.jpg
1200.0,2.0,2.0,1.0,images/8_7.jpg
1509.0,3.0,2.0,2.0,images/8_8.jpg
926.0,2.0,2.0,1.0,images/8_9.jpg
1576.0,3.0,2.0,2.0,images/8_10.jpg
3374.0,3.0,3.5,2.0,images/8_11.jpg
800.0,2.0,1.0,1.0,images/8_12.jpg
2287.0,3.0,3.0,2.0,images/8_13.jpg
1105.0,2.0,2.0,1.0,images/8_14.jpg
1642.0,3.0,2.5,1.0,images/8_15.jpg
3638.0,3.0,3.5,1.0,images/8_16.jpg
1979.0,3.0,2.5,1.0,images/8_17.jpg
3105.0,4.0,3.0,2.0,images/8_18.jpg
618.0,1.0,1.0,2.0,images/8_19.jpg
1600.0,3.0,2.0,1.0,images/8_20.jpg
3224.0,6.0,4.5,2.0,images/8_21.jpg
1872.0,3.0,2.0,1.0,images/8_22.jpg
1913.0,3.0,2.0,1.0,images/8_23.jpg
1731.0,3.0,2.0,1.0,images/8_24.jpg
1131.0,3.0,2.0,1.0,images/8_25.jpg
860.0,2.0,2.0,1.0,images/8_26.jpg
3083.0,3.0,3.5,1.0,images/8_27.jpg
1953.0,2.0,2.5,2.0,images/8_28.jpg
985.0,2.0,2.0,2.0,images/8_29.jpg
2557.0,3.0,2.5,1.0,images/8_30.jpg
2578.0,4.0,3.5,1.0,images/9_1.jpg
784.0,1.0,1.0,1.0,images/9_2.jpg
2085.0,3.0,2.5,1.0,images/9_3.jpg
1742.0,3.0,2.5,1.0,images/9_4.jpg
2486.0,3.0,2.5,1.0,images/9_5.jpg
2743.0,4.0,4.5,2.0,images/9_6.jpg
2588.0,3.0,2.5,1.0,images/9_7.jpg
2220.0,3.0,2.0,1.0,images/9_8.jpg
2510.0,3.0,2.5,1.0,images/9_9.jpg
960.0,2.0,1.0,1.0,images/9_10.jpg
2358.0,3.0,2.5,1.0,images/9_11.jpg
2352.0,4.0,3.0,1.0,images/9_12.jpg
2765.0,3.0,2.5,2.0,images/9_13.jpg
2039.0,3.0,2.0,1.0,images/9_14.jpg
2400.0,3.0,3.5,1.0,images/9_15.jpg
2030.0,3.0,2.0,1.0,images/9_16.jpg
2303.0,3.0,2.5,1.0,images/9_17.jpg
612.0,1.0,1.0,1.0,images/9_18.jpg
2400.0,4.0,3.5,1.0,images/9_19.jpg
1817.0,3.0,2.0,1.0,images/9_20.jpg
1924.0,3.0,2.5,1.0,images/9_21.jpg
2326.0,4.0,2.5,1.0,images/9_22.jpg
3127.0,4.0,3.5,1.0,images/9_23.jpg
1843.0,4.0,2.0,1.0,images/9_24.jpg
1486.0,3.0,2.0,1.0,images/9_25.jpg
928.0,2.0,2.0,1.0,images/9_26.jpg
988.0,2.0,2.0,1.0,images/9_27.jpg
988.0,2.0,2.0,1.0,images/9_28.jpg
1800.0,3.0,2.0,1.0,images/9_29.jpg
2373.0,4.0,2.5,1.0,images/9_30.jpg
1652.0,3.0,2.0,1.0,images/10_1.jpg
2486.0,3.0,2.5,1.0,images/10_2.jpg
2220.0,3.0,2.0,1.0,images/10_3.jpg
3776.0,3.0,3.5,1.0,images/10_4.jpg
2400.0,3.0,3.5,1.0,images/10_5.jpg
2030.0,3.0,2.0,1.0,images/10_6.jpg
2303.0,3.0,2.5,1.0,images/10_7.jpg
1843.0,4.0,2.0,1.0,images/10_8.jpg
1879.0,3.0,2.0,1.0,images/10_9.jpg
928.0,2.0,2.0,1.0,images/10_10.jpg
988.0,2.0,2.0,1.0,images/10_11.jpg
1800.0,3.0,2.0,1.0,images/10_12.jpg
2373.0,4.0,2.5,1.0,images/10_13.jpg
1698.0,3.0,2.5,1.0,images/10_14.jpg
1260.0,2.0,2.0,1.0,images/10_15.jpg
1611.0,3.0,2.0,1.0,images/10_16.jpg
2235.0,3.0,2.5,1.0,images/10_17.jpg
926.0,2.0,2.0,1.0,images/10_18.jpg
1650.0,3.0,2.5,1.0,images/10_19.jpg
2686.0,4.0,2.5,1.0,images/10_20.jpg
2454.0,3.0,2.5,1.0,images/10_21.jpg
1232.0,2.0,2.0,1.0,images/10_22.jpg
768.0,1.0,1.0,1.0,images/10_23.jpg
924.0,2.0,1.0,1.0,images/10_24.jpg
1064.0,2.0,2.0,1.0,images/10_25.jpg
2030.0,3.0,2.0,1.0,images/10_26.jpg
1232.0,2.0,2.0,1.0,images/10_27.jpg
1416.0,3.0,2.0,1.0,images/10_28.jpg
1258.0,3.0,2.0,1.0,images/10_29.jpg
1880.0,4.0,2.5,1.0,images/10_30.jpg
640.0,1.0,1.0,1.0,images/13_1.jpg
768.0,1.0,1.0,1.0,images/13_2.jpg
1003.0,1.0,1.0,2.0,images/13_3.jpg
624.0,1.0,1.0,1.0,images/13_4.jpg
872.0,1.0,1.5,1.0,images/13_5.jpg
732.0,1.0,1.0,1.0,images/13_6.jpg
967.0,1.0,2.0,2.0,images/13_7.jpg
741.0,1.0,1.0,2.0,images/13_8.jpg
300.0,1.0,1.0,1.0,images/13_9.jpg
1024.0,1.0,1.5,1.0,images/13_10.jpg
640.0,1.0,1.0,1.0,images/13_11.jpg
782.0,2.0,1.0,1.0,images/13_12.jpg
287.0,1.0,1.0,1.0,images/13_13.jpg
896.0,1.0,1.5,1.0,images/13_14.jpg
600.0,1.0,1.0,1.0,images/13_15.jpg
576.0,1.0,1.0,1.0,images/13_16.jpg
312.0,1.0,1.0,1.0,images/13_17.jpg
598.0,1.0,1.0,1.0,images/13_18.jpg
632.0,1.0,1.5,2.0,images/13_19.jpg
582.0,1.0,1.0,2.0,images/13_20.jpg
480.0,1.0,1.0,1.0,images/13_21.jpg
572.0,1.0,1.0,2.0,images/13_22.jpg
480.0,1.0,1.0,1.0,images/13_23.jpg
799.0,1.0,1.5,1.0,images/13_24.jpg
788.0,1.0,1.0,1.0,images/13_25.jpg
504.0,1.0,1.0,1.0,images/13_26.jpg
747.0,1.0,1.0,1.0,images/13_27.jpg
815.0,1.0,1.0,1.0,images/13_28.jpg
370.0,1.0,1.0,1.0,images/13_29.jpg
704.0,1.0,1.0,1.0,images/13_30.jpg
1480.0,2.0,2.0,1.0,images/14_1.jpg
960.0,2.0,1.0,1.0,images/14_2.jpg
1285.0,2.0,2.0,1.0,images/14_3.jpg
928.0,2.0,2.0,1.0,images/14_4.jpg
988.0,2.0,2.0,1.0,images/14_5.jpg
988.0,2.0,2.0,1.0,images/14_6.jpg
1254.0,2.0,2.0,1.0,images/14_7.jpg
981.0,2.0,2.0,1.0,images/14_8.jpg
1260.0,2.0,2.0,1.0,images/14_9.jpg
926.0,2.0,2.0,1.0,images/14_10.jpg
1232.0,2.0,2.0,1.0,images/14_11.jpg
924.0,2.0,1.0,1.0,images/14_12.jpg
1064.0,2.0,2.0,1.0,images/14_13.jpg
800.0,2.0,1.0,1.0,images/14_14.jpg
1105.0,2.0,2.0,1.0,images/14_15.jpg
1232.0,2.0,2.0,1.0,images/14_16.jpg
1200.0,2.0,2.0,1.0,images/14_17.jpg
985.0,2.0,2.0,2.0,images/14_18.jpg
1292.0,2.0,2.0,1.0,images/14_19.jpg
1387.0,2.0,2.0,1.0,images/14_20.jpg
1727.0,2.0,2.0,2.0,images/14_21.jpg
1120.0,2.0,2.0,1.0,images/14_22.jpg
896.0,2.0,1.0,1.0,images/14_23.jpg
996.0,2.0,2.0,1.0,images/14_24.jpg
1603.0,2.0,2.0,1.0,images/14_25.jpg
1185.0,2.0,2.0,1.0,images/14_26.jpg
1297.0,2.0,2.0,1.0,images/14_27.jpg
921.0,2.0,1.0,1.0,images/14_28.jpg
1011.0,2.0,2.0,2.0,images/14_29.jpg
1616.0,2.0,2.0,2.0,images/14_30.jpg
2241.0,3.0,2.5,1.0,images/15_1.jpg
2085.0,3.0,2.5,1.0,images/15_2.jpg
1742.0,3.0,2.5,1.0,images/15_3.jpg
2486.0,3.0,2.5,1.0,images/15_4.jpg
2588.0,3.0,2.5,1.0,images/15_5.jpg
2220.0,3.0,2.0,1.0,images/15_6.jpg
3776.0,3.0,3.5,1.0,images/15_7.jpg
2358.0,3.0,2.5,1.0,images/15_8.jpg
2765.0,3.0,2.5,2.0,images/15_9.jpg
2039.0,3.0,2.0,1.0,images/15_10.jpg
2400.0,3.0,3.5,1.0,images/15_11.jpg
2030.0,3.0,2.0,1.0,images/15_12.jpg
2303.0,3.0,2.5,1.0,images/15_13.jpg
1817.0,3.0,2.0,1.0,images/15_14.jpg
1924.0,3.0,2.5,1.0,images/15_15.jpg
1486.0,3.0,2.0,1.0,images/15_16.jpg
1800.0,3.0,2.0,1.0,images/15_17.jpg
2428.0,3.0,2.5,1.0,images/15_18.jpg
1698.0,3.0,2.5,1.0,images/15_19.jpg
1611.0,3.0,2.0,1.0,images/15_20.jpg
2235.0,3.0,2.5,1.0,images/15_21.jpg
1509.0,3.0,2.0,2.0,images/15_22.jpg
1650.0,3.0,2.5,1.0,images/15_23.jpg
1599.0,3.0,2.5,1.0,images/15_24.jpg
1493.0,3.0,2.0,1.0,images/15_25.jpg
2016.0,3.0,2.5,1.0,images/15_26.jpg
1576.0,3.0,2.0,2.0,images/15_27.jpg
2496.0,6.0,4.0,1.0,images/15_28.jpg
2290.0,3.0,2.5,1.0,images/15_29.jpg
1398.0,3.0,2.0,1.0,images/15_30.jpg
3340.0,4.0,4.5,1.0,images/16_1.jpg
2743.0,4.0,4.5,2.0,images/16_2.jpg
3458.0,4.0,4.5,3.0,images/16_3.jpg
3776.0,3.0,3.5,1.0,images/16_4.jpg
2352.0,4.0,3.0,1.0,images/16_5.jpg
3595.0,3.0,4.5,3.0,images/16_6.jpg
2400.0,4.0,3.5,1.0,images/16_7.jpg
2326.0,4.0,2.5,1.0,images/16_8.jpg
3127.0,4.0,3.5,1.0,images/16_9.jpg
2373.0,4.0,2.5,1.0,images/16_10.jpg
2390.0,4.0,3.0,1.0,images/16_11.jpg
3952.0,4.0,4.0,2.0,images/16_12.jpg
2686.0,4.0,2.5,1.0,images/16_13.jpg
3086.0,4.0,3.5,1.0,images/16_14.jpg
1897.0,4.0,2.0,1.0,images/16_15.jpg
3164.0,4.0,2.5,2.0,images/16_16.jpg
1880.0,4.0,2.5,1.0,images/16_17.jpg
2799.0,4.0,3.0,2.0,images/16_18.jpg
3507.0,4.0,3.0,1.0,images/16_19.jpg
2578.0,4.0,3.0,1.0,images/16_20.jpg
1992.0,4.0,2.0,1.0,images/16_21.jpg
1732.0,4.0,2.5,1.0,images/16_22.jpg
3599.0,4.0,4.5,1.0,images/16_23.jpg
1345.0,4.0,2.0,2.0,images/16_24.jpg
2063.0,4.0,2.5,1.0,images/16_25.jpg
2232.0,4.0,2.5,1.0,images/16_26.jpg
3076.0,4.0,3.5,1.0,images/16_27.jpg
3048.0,4.0,4.0,1.0,images/16_28.jpg
3366.0,4.0,3.5,1.0,images/16_29.jpg
2716.0,4.0,3.0,1.0,images/16_30.jpg
2496.0,6.0,4.0,1.0,images/17_1.jpg
1005.0,2.0,1.5,2.0,images/17_2.jpg
900.0,3.0,2.5,2.0,images/17_3.jpg
4665.0,5.0,4.5,1.0,images/17_4.jpg
2554.0,3.0,2.5,2.0,images/17_5.jpg
2196.0,4.0,4.0,1.0,images/17_6.jpg
1421.0,3.0,2.5,2.0,images/17_7.jpg
1994.0,4.0,4.0,1.0,images/17_8.jpg
2713.0,4.0,3.0,2.0,images/17_9.jpg
1200.0,3.0,1.5,2.0,images/17_10.jpg
2852.0,3.0,2.0,2.0,images/17_11.jpg
3056.0,3.0,2.5,2.0,images/17_12.jpg
1934.0,2.0,2.0,1.0,images/17_13.jpg
2800.0,3.0,2.0,2.0,images/17_14.jpg
2762.0,4.0,4.0,1.0,images/17_15.jpg
2432.0,2.0,2.0,1.0,images/17_16.jpg
3070.0,6.0,5.0,2.0,images/17_17.jpg
3286.0,3.0,2.5,2.0,images/17_18.jpg
3286.0,3.0,2.5,2.0,images/17_19.jpg
1106.0,3.0,1.5,2.0,images/17_20.jpg
1703.0,3.0,2.5,2.0,images/17_21.jpg
3866.0,3.0,2.0,2.0,images/17_22.jpg
3067.0,3.0,2.5,2.0,images/17_23.jpg
1741.0,3.0,2.0,1.0,images/17_24.jpg
2724.0,3.0,2.5,2.0,images/17_25.jpg
1768.0,2.0,1.0,1.0,images/17_26.jpg
1710.0,2.0,1.0,1.0,images/17_27.jpg
2384.0,3.0,3.5,2.0,images/17_28.jpg
1346.0,3.0,2.5,2.0,images/17_29.jpg
3038.0,6.0,4.5,2.0,images/17_30.jpg
1219.0,0.0,1.0,2.0,images/18_1.jpg
784.0,1.0,1.0,1.0,images/18_2.jpg
612.0,1.0,1.0,1.0,images/18_3.jpg
1509.0,3.0,2.0,2.0,images/18_4.jpg
967.0,1.0,2.0,2.0,images/18_5.jpg
920.0,2.0,2.0,2.0,images/18_6.jpg
522.0,1.0,1.0,2.0,images/18_7.jpg
2915.0,2.0,2.0,2.0,images/18_8.jpg
880.0,1.0,2.0,2.0,images/18_9.jpg
632.0,1.0,1.5,2.0,images/18_10.jpg
421.0,1.0,1.0,1.0,images/18_11.jpg
1012.0,2.0,1.0,2.0,images/18_12.jpg
1032.0,2.0,1.5,2.0,images/18_13.jpg
640.0,1.0,1.0,2.0,images/18_14.jpg
460.0,1.0,1.0,1.0,images/18_15.jpg
624.0,1.0,1.0,2.0,images/18_16.jpg
672.0,1.0,1.0,2.0,images/18_17.jpg
1842.0,2.0,2.0,1.0,images/18_18.jpg
881.0,1.0,2.0,2.0,images/18_19.jpg
924.0,0.0,2.0,2.0,images/18_20.jpg
672.0,1.0,1.5,2.0,images/18_21.jpg
820.0,2.0,1.0,2.0,images/18_22.jpg
877.0,2.0,2.0,2.0,images/18_23.jpg
490.0,1.0,1.0,2.0,images/18_24.jpg
1552.0,0.0,0.0,2.0,images/18_25.jpg
909.0,1.0,1.5,2.0,images/18_26.jpg
10240.0,3.0,3.0,2.0,images/18_27.jpg
2236.0,1.0,1.0,2.0,images/18_28.jpg
1275.0,1.0,1.0,1.0,images/18_29.jpg
683.0,1.0,1.0,2.0,images/18_30.jpg
6901.0,5.0,6.0,2.0,images/19_1.jpg
5051.0,4.0,4.5,2.0,images/19_2.jpg
6182.0,5.0,5.5,2.0,images/19_3.jpg
4923.0,4.0,3.5,2.0,images/19_4.jpg
8364.0,6.0,6.0,3.0,images/19_5.jpg
6136.0,5.0,5.5,2.0,images/19_6.jpg
7395.0,6.0,7.5,2.0,images/19_7.jpg
8210.0,6.0,7.5,2.0,images/19_8.jpg
6330.0,7.0,5.5,2.0,images/19_9.jpg
11000.0,5.0,5.0,3.0,images/19_10.jpg
11672.0,6.0,7.5,3.0,images/19_11.jpg
9360.0,6.0,6.5,2.0,images/19_12.jpg
6860.0,4.0,5.0,2.0,images/19_13.jpg
8001.0,5.0,5.5,2.0,images/19_14.jpg
6679.0,6.0,5.5,2.0,images/19_15.jpg
5109.0,7.0,8.5,3.0,images/19_16.jpg
5293.0,5.0,4.5,2.0,images/19_17.jpg
4754.0,4.0,3.5,2.0,images/19_18.jpg
5884.0,5.0,5.5,1.0,images/19_19.jpg
6079.0,5.0,6.0,2.0,images/19_20.jpg
6792.0,5.0,6.5,3.0,images/19_21.jpg
6001.0,5.0,6.5,2.0,images/19_22.jpg
6554.0,4.0,4.5,1.0,images/19_23.jpg
5739.0,5.0,5.5,1.0,images/19_24.jpg
7466.0,5.0,5.5,2.0,images/19_25.jpg
5185.0,5.0,5.5,2.0,images/19_26.jpg
4750.0,4.0,4.5,2.0,images/19_27.jpg
5564.0,4.0,5.5,2.0,images/19_28.jpg
5108.0,12.0,12.5,2.0,images/19_29.jpg
5077.0,5.0,4.0,2.0,images/19_30.jpg
1498.0,3.0,2.0,1.0,images/20_1.jpg
1742.0,3.0,2.5,1.0,images/20_2.jpg
960.0,2.0,1.0,1.0,images/20_3.jpg
1769.0,3.0,2.0,1.0,images/20_4.jpg
1285.0,2.0,2.0,1.0,images/20_5.jpg
612.0,1.0,1.0,1.0,images/20_6.jpg
1817.0,3.0,2.0,1.0,images/20_7.jpg
1924.0,3.0,2.5,1.0,images/20_8.jpg
1421.0,3.0,2.0,1.0,images/20_9.jpg
1879.0,3.0,2.0,1.0,images/20_10.jpg
1486.0,3.0,2.0,1.0,images/20_11.jpg
928.0,2.0,2.0,1.0,images/20_12.jpg
988.0,2.0,2.0,1.0,images/20_13.jpg
988.0,2.0,2.0,1.0,images/20_14.jpg
1254.0,2.0,2.0,1.0,images/20_15.jpg
1448.0,2.0,2.0,1.0,images/20_16.jpg
981.0,2.0,2.0,1.0,images/20_17.jpg
1260.0,2.0,2.0,1.0,images/20_18.jpg
1611.0,3.0,2.0,1.0,images/20_19.jpg
926.0,2.0,2.0,1.0,images/20_20.jpg
1650.0,3.0,2.5,1.0,images/20_21.jpg
1599.0,3.0,2.5,1.0,images/20_22.jpg
1493.0,3.0,2.0,1.0,images/20_23.jpg
1576.0,3.0,2.0,2.0,images/20_24.jpg
1398.0,3.0,2.0,1.0,images/20_25.jpg
1232.0,2.0,2.0,1.0,images/20_26.jpg
768.0,1.0,1.0,1.0,images/20_27.jpg
924.0,2.0,1.0,1.0,images/20_28.jpg
1064.0,2.0,2.0,1.0,images/20_29.jpg
800.0,2.0,1.0,1.0,images/20_30.jpg
2405.0,3.0,2.5,1.0,images/21_1.jpg
2085.0,3.0,2.5,1.0,images/21_2.jpg
2220.0,3.0,2.0,1.0,images/21_3.jpg
960.0,2.0,1.0,1.0,images/21_4.jpg
3776.0,3.0,3.5,1.0,images/21_5.jpg
2352.0,4.0,3.0,1.0,images/21_6.jpg
2030.0,3.0,2.0,1.0,images/21_7.jpg
2400.0,4.0,3.5,1.0,images/21_8.jpg
1817.0,3.0,2.0,1.0,images/21_9.jpg
2326.0,4.0,2.5,1.0,images/21_10.jpg
1421.0,3.0,2.0,1.0,images/21_11.jpg
1879.0,3.0,2.0,1.0,images/21_12.jpg
928.0,2.0,2.0,1.0,images/21_13.jpg
988.0,2.0,2.0,1.0,images/21_14.jpg
1254.0,2.0,2.0,1.0,images/21_15.jpg
2428.0,3.0,2.5,1.0,images/21_16.jpg
981.0,2.0,2.0,1.0,images/21_17.jpg
1260.0,2.0,2.0,1.0,images/21_18.jpg
1611.0,3.0,2.0,1.0,images/21_19.jpg
926.0,2.0,2.0,1.0,images/21_20.jpg
1650.0,3.0,2.5,1.0,images/21_21.jpg
1599.0,3.0,2.5,1.0,images/21_22.jpg
2496.0,6.0,4.0,1.0,images/21_23.jpg
1232.0,2.0,2.0,1.0,images/21_24.jpg
924.0,2.0,1.0,1.0,images/21_25.jpg
1064.0,2.0,2.0,1.0,images/21_26.jpg
1459.0,3.0,2.0,1.0,images/21_27.jpg
1956.0,3.0,2.5,1.0,images/21_28.jpg
2230.0,3.0,2.5,1.0,images/21_29.jpg
1232.0,2.0,2.0,1.0,images/21_30.jpg
1105.0,2.0,2.0,1.0,images/22_1.jpg
3952.0,4.0,4.0,2.0,images/22_2.jpg
3374.0,3.0,3.5,2.0,images/22_3.jpg
2827.0,3.0,3.0,2.0,images/22_4.jpg
2765.0,3.0,2.5,2.0,images/22_5.jpg
3164.0,4.0,2.5,2.0,images/22_6.jpg
2526.0,3.0,2.5,2.0,images/22_7.jpg
1773.0,4.0,3.5,2.0,images/22_8.jpg
2250.0,3.0,2.5,2.0,images/22_9.jpg
1953.0,2.0,2.5,2.0,images/22_10.jpg
2311.0,3.0,2.5,2.0,images/22_11.jpg
2456.0,3.0,2.5,2.0,images/22_12.jpg
3088.0,4.0,3.5,2.0,images/22_13.jpg
3135.0,4.0,3.5,2.0,images/22_14.jpg
3976.0,4.0,4.5,2.0,images/22_15.jpg
2793.0,3.0,2.5,2.0,images/22_16.jpg
2577.0,4.0,2.5,2.0,images/22_17.jpg
1827.0,3.0,2.5,2.0,images/22_18.jpg
900.0,3.0,2.5,2.0,images/22_19.jpg
1619.0,3.0,2.5,2.0,images/22_20.jpg
2782.0,4.0,3.0,2.0,images/22_21.jpg
2925.0,4.0,3.5,2.0,images/22_22.jpg
3828.0,4.0,2.5,2.0,images/22_23.jpg
3882.0,5.0,2.5,2.0,images/22_24.jpg
3031.0,4.0,5.0,2.0,images/22_25.jpg
1878.0,4.0,2.0,2.0,images/22_26.jpg
6860.0,4.0,5.0,2.0,images/22_27.jpg
3584.0,4.0,2.5,2.0,images/22_28.jpg
4903.0,4.0,5.0,2.0,images/22_29.jpg
2655.0,4.0,3.5,2.0,images/22_30.jpg
430.0,1.0,1.0,1.0,images/23_1.jpg
960.0,2.0,1.0,1.0,images/23_2.jpg
928.0,2.0,2.0,1.0,images/23_3.jpg
988.0,2.0,2.0,1.0,images/23_4.jpg
988.0,2.0,2.0,1.0,images/23_5.jpg
981.0,2.0,2.0,1.0,images/23_6.jpg
926.0,2.0,2.0,1.0,images/23_7.jpg
924.0,2.0,1.0,1.0,images/23_8.jpg
525.0,1.0,1.0,2.0,images/23_9.jpg
1035.0,3.0,2.0,1.0,images/23_10.jpg
1258.0,3.0,2.0,1.0,images/23_11.jpg
995.0,2.0,2.0,1.0,images/23_12.jpg
856.0,2.0,1.0,1.0,images/23_13.jpg
624.0,1.0,1.0,1.0,images/23_14.jpg
736.0,2.0,1.0,1.0,images/23_15.jpg
872.0,1.0,1.5,1.0,images/23_16.jpg
896.0,2.0,1.0,1.0,images/23_17.jpg
732.0,1.0,1.0,1.0,images/23_18.jpg
395.0,1.0,1.0,1.0,images/23_19.jpg
967.0,1.0,2.0,2.0,images/23_20.jpg
522.0,1.0,1.0,2.0,images/23_21.jpg
900.0,3.0,2.5,2.0,images/23_22.jpg
793.0,2.0,1.0,1.0,images/23_23.jpg
300.0,1.0,1.0,1.0,images/23_24.jpg
650.0,1.0,1.0,2.0,images/23_25.jpg
896.0,2.0,1.0,1.0,images/23_26.jpg
834.0,1.0,1.5,2.0,images/23_27.jpg
640.0,1.0,1.0,1.0,images/23_28.jpg
782.0,2.0,1.0,1.0,images/23_29.jpg
375.0,1.0,1.0,1.0,images/23_30.jpg
1616.0,2.0,2.0,2.0,images/26_1.jpg
2220.0,3.0,2.0,1.0,images/26_2.jpg
960.0,2.0,1.0,1.0,images/26_3.jpg
1285.0,2.0,2.0,1.0,images/26_4.jpg
2030.0,3.0,2.0,1.0,images/26_5.jpg
1817.0,3.0,2.0,1.0,images/26_6.jpg
1924.0,3.0,2.5,1.0,images/26_7.jpg
928.0,2.0,2.0,1.0,images/26_8.jpg
988.0,2.0,2.0,1.0,images/26_9.jpg
988.0,2.0,2.0,1.0,images/26_10.jpg
1254.0,2.0,2.0,1.0,images/26_11.jpg
1448.0,2.0,2.0,1.0,images/26_12.jpg
981.0,2.0,2.0,1.0,images/26_13.jpg
1260.0,2.0,2.0,1.0,images/26_14.jpg
1611.0,3.0,2.0,1.0,images/26_15.jpg
1650.0,3.0,2.5,1.0,images/26_16.jpg
1599.0,3.0,2.5,1.0,images/26_17.jpg
1493.0,3.0,2.0,1.0,images/26_18.jpg
1232.0,2.0,2.0,1.0,images/26_19.jpg
768.0,1.0,1.0,1.0,images/26_20.jpg
1459.0,3.0,2.0,1.0,images/26_21.jpg
1956.0,3.0,2.5,1.0,images/26_22.jpg
1232.0,2.0,2.0,1.0,images/26_23.jpg
1416.0,3.0,2.0,1.0,images/26_24.jpg
1642.0,3.0,2.5,1.0,images/26_25.jpg
1035.0,3.0,2.0,1.0,images/26_26.jpg
1500.0,3.0,2.0,1.0,images/26_27.jpg
1979.0,3.0,2.5,1.0,images/26_28.jpg
1416.0,3.0,2.0,1.0,images/26_29.jpg
1425.0,3.0,2.0,1.0,images/26_30.jpg
2455.0,3.0,2.0,1.0,images/27_1.jpg
2085.0,3.0,2.5,1.0,images/27_2.jpg
1742.0,3.0,2.5,1.0,images/27_3.jpg
2486.0,3.0,2.5,1.0,images/27_4.jpg
2743.0,4.0,4.5,2.0,images/27_5.jpg
2588.0,3.0,2.5,1.0,images/27_6.jpg
5051.0,4.0,4.5,2.0,images/27_7.jpg
2220.0,3.0,2.0,1.0,images/27_8.jpg
1769.0,3.0,2.0,1.0,images/27_9.jpg
1285.0,2.0,2.0,1.0,images/27_10.jpg
2358.0,3.0,2.5,1.0,images/27_11.jpg
2765.0,3.0,2.5,2.0,images/27_12.jpg
2039.0,3.0,2.0,1.0,images/27_13.jpg
2400.0,3.0,3.5,1.0,images/27_14.jpg
2030.0,3.0,2.0,1.0,images/27_15.jpg
2303.0,3.0,2.5,1.0,images/27_16.jpg
2400.0,4.0,3.5,1.0,images/27_17.jpg
1817.0,3.0,2.0,1.0,images/27_18.jpg
1924.0,3.0,2.5,1.0,images/27_19.jpg
2326.0,4.0,2.5,1.0,images/27_20.jpg
1421.0,3.0,2.0,1.0,images/27_21.jpg
1879.0,3.0,2.0,1.0,images/27_22.jpg
1486.0,3.0,2.0,1.0,images/27_23.jpg
928.0,2.0,2.0,1.0,images/27_24.jpg
988.0,2.0,2.0,1.0,images/27_25.jpg
2373.0,4.0,2.5,1.0,images/27_26.jpg
2390.0,4.0,3.0,1.0,images/27_27.jpg
1254.0,2.0,2.0,1.0,images/27_28.jpg
1448.0,2.0,2.0,1.0,images/27_29.jpg
2428.0,3.0,2.5,1.0,images/27_30.jpg
2282.0,3.0,2.5,1.0,images/28_1.jpg
1769.0,3.0,2.0,1.0,images/28_2.jpg
3776.0,3.0,3.5,1.0,images/28_3.jpg
2039.0,3.0,2.0,1.0,images/28_4.jpg
2303.0,3.0,2.5,1.0,images/28_5.jpg
2400.0,4.0,3.5,1.0,images/28_6.jpg
1421.0,3.0,2.0,1.0,images/28_7.jpg
1879.0,3.0,2.0,1.0,images/28_8.jpg
928.0,2.0,2.0,1.0,images/28_9.jpg
2373.0,4.0,2.5,1.0,images/28_10.jpg
2686.0,4.0,2.5,1.0,images/28_11.jpg
3374.0,3.0,3.5,2.0,images/28_12.jpg
800.0,2.0,1.0,1.0,images/28_13.jpg
1300.0,3.0,2.0,1.0,images/28_14.jpg
2555.0,5.0,4.0,2.0,images/28_15.jpg
2168.0,3.0,2.5,1.0,images/28_16.jpg
1953.0,2.0,2.5,2.0,images/28_17.jpg
2557.0,3.0,2.5,1.0,images/28_18.jpg
2268.0,3.0,2.0,1.0,images/28_19.jpg
2091.0,3.0,2.5,1.0,images/28_20.jpg
1479.0,3.0,2.0,2.0,images/28_21.jpg
2589.0,4.0,2.5,1.0,images/28_22.jpg
2482.0,4.0,3.5,1.0,images/28_23.jpg
2720.0,3.0,2.5,2.0,images/28_24.jpg
4923.0,4.0,3.5,2.0,images/28_25.jpg
300.0,1.0,1.0,1.0,images/28_26.jpg
2481.0,4.0,3.0,2.0,images/28_27.jpg
2742.0,4.0,3.5,1.0,images/28_28.jpg
1374.0,3.0,2.0,2.0,images/28_29.jpg
3882.0,5.0,2.5,2.0,images/28_30.jpg
2483.0,4.0,3.0,2.0,images/30_1.jpg
800.0,2.0,1.0,1.0,images/30_2.jpg
1600.0,3.0,2.0,1.0,images/30_3.jpg
1872.0,3.0,2.0,1.0,images/30_4.jpg
860.0,2.0,2.0,1.0,images/30_5.jpg
2268.0,3.0,2.0,1.0,images/30_6.jpg
3334.0,4.0,3.5,2.0,images/30_7.jpg
891.0,2.0,2.0,1.0,images/30_8.jpg
287.0,1.0,1.0,1.0,images/30_9.jpg
399.0,1.0,1.0,1.0,images/30_10.jpg
1616.0,2.0,2.0,2.0,images/30_11.jpg
480.0,1.0,1.0,1.0,images/30_12.jpg
640.0,1.0,1.0,1.0,images/30_13.jpg
3742.0,4.0,4.0,2.0,images/30_14.jpg
704.0,1.0,1.0,1.0,images/30_15.jpg
4545.0,5.0,4.0,1.0,images/30_16.jpg
2386.0,4.0,3.0,1.0,images/30_17.jpg
1015.0,2.0,2.0,2.0,images/30_18.jpg
1356.0,3.0,2.0,1.0,images/30_19.jpg
869.0,2.0,1.0,1.0,images/30_20.jpg
1025.0,3.0,2.0,1.0,images/30_21.jpg
3219.0,3.0,3.0,2.0,images/30_22.jpg
1905.0,3.0,2.0,2.0,images/30_23.jpg
493.0,1.0,1.0,1.0,images/30_24.jpg
398.0,1.0,1.0,1.0,images/30_25.jpg
500.0,1.0,1.0,1.0,images/30_26.jpg
2953.0,4.0,3.0,1.0,images/30_27.jpg
2250.0,3.0,2.5,2.0,images/30_28.jpg
2010.0,3.0,2.5,1.0,images/30_29.jpg
1360.0,3.0,2.5,2.0,images/30_30.jpg
2589.0,4.0,2.5,1.0,images/31_1.jpg
2588.0,3.0,2.5,1.0,images/31_2.jpg
2220.0,3.0,2.0,1.0,images/31_3.jpg
2352.0,4.0,3.0,1.0,images/31_4.jpg
2030.0,3.0,2.0,1.0,images/31_5.jpg
2400.0,4.0,3.5,1.0,images/31_6.jpg
1924.0,3.0,2.5,1.0,images/31_7.jpg
2326.0,4.0,2.5,1.0,images/31_8.jpg
2390.0,4.0,3.0,1.0,images/31_9.jpg
1254.0,2.0,2.0,1.0,images/31_10.jpg
1611.0,3.0,2.0,1.0,images/31_11.jpg
1599.0,3.0,2.5,1.0,images/31_12.jpg
2686.0,4.0,2.5,1.0,images/31_13.jpg
2496.0,6.0,4.0,1.0,images/31_14.jpg
2290.0,3.0,2.5,1.0,images/31_15.jpg
3086.0,4.0,3.5,1.0,images/31_16.jpg
2230.0,3.0,2.5,1.0,images/31_17.jpg
1416.0,3.0,2.0,1.0,images/31_18.jpg
1706.0,3.0,2.0,1.0,images/31_19.jpg
1992.0,4.0,2.0,1.0,images/31_20.jpg
2063.0,4.0,2.5,1.0,images/31_21.jpg
3083.0,3.0,3.5,1.0,images/31_22.jpg
2250.0,3.0,2.5,2.0,images/31_23.jpg
1967.0,3.0,2.5,1.0,images/31_24.jpg
2000.0,4.0,3.0,1.0,images/31_25.jpg
1552.0,3.0,2.0,1.0,images/31_26.jpg
2456.0,3.0,2.5,2.0,images/31_27.jpg
2395.0,3.0,2.5,1.0,images/31_28.jpg
3088.0,4.0,3.5,2.0,images/31_29.jpg
1889.0,4.0,2.0,1.0,images/31_30.jpg
1636.0,3.0,2.5,1.0,images/32_1.jpg
1576.0,3.0,2.0,2.0,images/32_2.jpg
800.0,2.0,1.0,1.0,images/32_3.jpg
1105.0,2.0,2.0,1.0,images/32_4.jpg
3638.0,3.0,3.5,1.0,images/32_5.jpg
1731.0,3.0,2.0,1.0,images/32_6.jpg
860.0,2.0,2.0,1.0,images/32_7.jpg
2557.0,3.0,2.5,1.0,images/32_8.jpg
2448.0,4.0,3.0,1.0,images/32_9.jpg
640.0,1.0,1.0,1.0,images/32_10.jpg
2557.0,3.0,2.5,1.0,images/32_11.jpg
880.0,2.0,1.0,1.0,images/32_12.jpg
1508.0,2.0,2.0,1.0,images/32_13.jpg
1986.0,3.0,2.0,1.0,images/32_14.jpg
1705.0,1.0,1.0,1.0,images/32_15.jpg
3986.0,4.0,2.5,1.0,images/32_16.jpg
1356.0,3.0,2.0,1.0,images/32_17.jpg
3601.0,3.0,2.5,1.0,images/32_18.jpg
1941.0,4.0,1.5,1.0,images/32_19.jpg
1863.0,3.0,2.0,1.0,images/32_20.jpg
2641.0,3.0,2.5,2.0,images/32_21.jpg
2749.0,3.0,2.5,1.0,images/32_22.jpg
1491.0,3.0,2.0,1.0,images/32_23.jpg
1356.0,3.0,2.0,1.0,images/32_24.jpg
3586.0,3.0,3.5,1.0,images/32_25.jpg
2331.0,2.0,2.0,1.0,images/32_26.jpg
3392.0,3.0,3.5,1.0,images/32_27.jpg
4600.0,4.0,3.5,1.0,images/32_28.jpg
1508.0,2.0,2.0,1.0,images/32_29.jpg
899.0,1.0,1.0,1.0,images/32_30.jpg
1960.0,3.0,2.5,1.0,images/33_1.jpg
2085.0,3.0,2.5,1.0,images/33_2.jpg
2220.0,3.0,2.0,1.0,images/33_3.jpg
2352.0,4.0,3.0,1.0,images/33_4.jpg
2765.0,3.0,2.5,2.0,images/33_5.jpg
2039.0,3.0,2.0,1.0,images/33_6.jpg
2030.0,3.0,2.0,1.0,images/33_7.jpg
2400.0,4.0,3.5,1.0,images/33_8.jpg
1817.0,3.0,2.0,1.0,images/33_9.jpg
1924.0,3.0,2.5,1.0,images/33_10.jpg
2326.0,4.0,2.5,1.0,images/33_11.jpg
1879.0,3.0,2.0,1.0,images/33_12.jpg
928.0,2.0,2.0,1.0,images/33_13.jpg
988.0,2.0,2.0,1.0,images/33_14.jpg
988.0,2.0,2.0,1.0,images/33_15.jpg
2373.0,4.0,2.5,1.0,images/33_16.jpg
1254.0,2.0,2.0,1.0,images/33_17.jpg
2428.0,3.0,2.5,1.0,images/33_18.jpg
1698.0,3.0,2.5,1.0,images/33_19.jpg
981.0,2.0,2.0,1.0,images/33_20.jpg
2000.0,3.0,2.5,1.0,images/33_21.jpg
1260.0,2.0,2.0,1.0,images/33_22.jpg
1611.0,3.0,2.0,1.0,images/33_23.jpg
3952.0,4.0,4.0,2.0,images/33_24.jpg
926.0,2.0,2.0,1.0,images/33_25.jpg
1650.0,3.0,2.5,1.0,images/33_26.jpg
1599.0,3.0,2.5,1.0,images/33_27.jpg
2016.0,3.0,2.5,1.0,images/33_28.jpg
2686.0,4.0,2.5,1.0,images/33_29.jpg
2496.0,6.0,4.0,1.0,images/33_30.jpg
1460.0,3.0,2.5,2.0,images/34_1.jpg
2220.0,3.0,2.0,1.0,images/34_2.jpg
1285.0,2.0,2.0,1.0,images/34_3.jpg
2352.0,4.0,3.0,1.0,images/34_4.jpg
2030.0,3.0,2.0,1.0,images/34_5.jpg
988.0,2.0,2.0,1.0,images/34_6.jpg
981.0,2.0,2.0,1.0,images/34_7.jpg
2000.0,3.0,2.5,1.0,images/34_8.jpg
1260.0,2.0,2.0,1.0,images/34_9.jpg
1611.0,3.0,2.0,1.0,images/34_10.jpg
1200.0,2.0,2.0,1.0,images/34_11.jpg
1509.0,3.0,2.0,2.0,images/34_12.jpg
2496.0,6.0,4.0,1.0,images/34_13.jpg
1398.0,3.0,2.0,1.0,images/34_14.jpg
800.0,2.0,1.0,1.0,images/34_15.jpg
1416.0,3.0,2.0,1.0,images/34_16.jpg
1035.0,3.0,2.0,1.0,images/34_17.jpg
1500.0,3.0,2.0,1.0,images/34_18.jpg
1600.0,3.0,2.0,1.0,images/34_19.jpg
1416.0,3.0,2.0,1.0,images/34_20.jpg
1300.0,3.0,2.0,1.0,images/34_21.jpg
1425.0,3.0,2.0,1.0,images/34_22.jpg
1292.0,3.0,2.0,1.0,images/34_23.jpg
1200.0,3.0,2.0,1.0,images/34_24.jpg
1706.0,3.0,2.0,1.0,images/34_25.jpg
1311.0,3.0,2.0,1.0,images/34_26.jpg
624.0,1.0,1.0,1.0,images/34_27.jpg
1131.0,3.0,2.0,1.0,images/34_28.jpg
1257.0,2.0,2.0,1.0,images/34_29.jpg
860.0,2.0,2.0,1.0,images/34_30.jpg
1770.0,3.0,2.5,2.0,images/35_1.jpg
1742.0,3.0,2.5,1.0,images/35_2.jpg
2743.0,4.0,4.5,2.0,images/35_3.jpg
2588.0,3.0,2.5,1.0,images/35_4.jpg
2220.0,3.0,2.0,1.0,images/35_5.jpg
2510.0,3.0,2.5,1.0,images/35_6.jpg
2358.0,3.0,2.5,1.0,images/35_7.jpg
2352.0,4.0,3.0,1.0,images/35_8.jpg
2765.0,3.0,2.5,2.0,images/35_9.jpg
2039.0,3.0,2.0,1.0,images/35_10.jpg
2400.0,3.0,3.5,1.0,images/35_11.jpg
2030.0,3.0,2.0,1.0,images/35_12.jpg
1421.0,3.0,2.0,1.0,images/35_13.jpg
1879.0,3.0,2.0,1.0,images/35_14.jpg
1486.0,3.0,2.0,1.0,images/35_15.jpg
928.0,2.0,2.0,1.0,images/35_16.jpg
988.0,2.0,2.0,1.0,images/35_17.jpg
2373.0,4.0,2.5,1.0,images/35_18.jpg
2390.0,4.0,3.0,1.0,images/35_19.jpg
1254.0,2.0,2.0,1.0,images/35_20.jpg
1448.0,2.0,2.0,1.0,images/35_21.jpg
2428.0,3.0,2.5,1.0,images/35_22.jpg
1698.0,3.0,2.5,1.0,images/35_23.jpg
1611.0,3.0,2.0,1.0,images/35_24.jpg
3952.0,4.0,4.0,2.0,images/35_25.jpg
1509.0,3.0,2.0,2.0,images/35_26.jpg
1599.0,3.0,2.5,1.0,images/35_27.jpg
1493.0,3.0,2.0,1.0,images/35_28.jpg
2016.0,3.0,2.5,1.0,images/35_29.jpg
2686.0,4.0,2.5,1.0,images/35_30.jpg
2510.0,4.0,3.0,2.0,images/36_1.jpg
2085.0,3.0,2.5,1.0,images/36_2.jpg
1742.0,3.0,2.5,1.0,images/36_3.jpg
2743.0,4.0,4.5,2.0,images/36_4.jpg
2400.0,4.0,3.5,1.0,images/36_5.jpg
1260.0,2.0,2.0,1.0,images/36_6.jpg
3952.0,4.0,4.0,2.0,images/36_7.jpg
1200.0,2.0,2.0,1.0,images/36_8.jpg
2290.0,3.0,2.5,1.0,images/36_9.jpg
1514.0,3.0,2.0,1.0,images/36_10.jpg
2232.0,4.0,2.5,1.0,images/36_11.jpg
2250.0,3.0,2.5,2.0,images/36_12.jpg
3076.0,4.0,3.5,1.0,images/36_13.jpg
2180.0,4.0,3.0,1.0,images/36_14.jpg
2395.0,3.0,2.5,1.0,images/36_15.jpg
1479.0,3.0,2.0,2.0,images/36_16.jpg
1999.0,3.0,3.5,2.0,images/36_17.jpg
2216.0,3.0,2.5,1.0,images/36_18.jpg
2039.0,4.0,3.0,1.0,images/36_19.jpg
2782.0,4.0,3.0,2.0,images/36_20.jpg
896.0,2.0,1.0,1.0,images/36_21.jpg
1374.0,3.0,2.0,2.0,images/36_22.jpg
1011.0,2.0,2.0,2.0,images/36_23.jpg
2662.0,3.0,3.0,2.0,images/36_24.jpg
1011.0,2.0,2.0,2.0,images/36_25.jpg
2010.0,3.0,2.5,1.0,images/36_26.jpg
4159.0,4.0,4.5,2.0,images/36_27.jpg
1162.0,2.0,2.0,1.0,images/36_28.jpg
4601.0,3.0,3.5,2.0,images/36_29.jpg
1451.0,3.0,2.0,1.0,images/36_30.jpg
3507.0,4.0,3.0,1.0,images/39_1.jpg
1769.0,3.0,2.0,1.0,images/39_2.jpg
2400.0,4.0,3.5,1.0,images/39_3.jpg
3952.0,4.0,4.0,2.0,images/39_4.jpg
3164.0,4.0,2.5,2.0,images/39_5.jpg
1300.0,3.0,2.0,1.0,images/39_6.jpg
2526.0,3.0,2.5,2.0,images/39_7.jpg
2555.0,5.0,4.0,2.0,images/39_8.jpg
2063.0,4.0,2.5,1.0,images/39_9.jpg
624.0,1.0,1.0,1.0,images/39_10.jpg
3088.0,4.0,3.5,2.0,images/39_11.jpg
1735.0,3.0,2.5,1.0,images/39_12.jpg
2077.0,3.0,2.0,1.0,images/39_13.jpg
900.0,2.0,1.0,1.0,images/39_14.jpg
1185.0,2.0,2.0,1.0,images/39_15.jpg
1848.0,3.0,2.0,1.0,images/39_16.jpg
287.0,1.0,1.0,1.0,images/39_17.jpg
598.0,1.0,1.0,1.0,images/39_18.jpg
1740.0,3.0,2.0,1.0,images/39_19.jpg
2296.0,3.0,3.0,2.0,images/39_20.jpg
1061.0,2.0,2.0,1.0,images/39_21.jpg
5564.0,4.0,5.5,2.0,images/39_22.jpg
3889.0,7.0,5.0,2.0,images/39_23.jpg
1398.0,3.0,2.0,1.0,images/39_24.jpg
4910.0,5.0,5.5,2.0,images/39_25.jpg
1628.0,3.0,2.0,1.0,images/39_26.jpg
930.0,2.0,2.0,1.0,images/39_27.jpg
1986.0,3.0,2.0,1.0,images/39_28.jpg
676.0,1.0,1.0,1.0,images/39_29.jpg
1191.0,2.0,2.0,1.0,images/39_30.jpg
5884.0,5.0,5.5,1.0,images/40_1.jpg
3776.0,3.0,3.5,1.0,images/40_2.jpg
1924.0,3.0,2.5,1.0,images/40_3.jpg
1599.0,3.0,2.5,1.0,images/40_4.jpg
3374.0,3.0,3.5,2.0,images/40_5.jpg
800.0,2.0,1.0,1.0,images/40_6.jpg
2230.0,3.0,2.5,1.0,images/40_7.jpg
2555.0,5.0,4.0,2.0,images/40_8.jpg
1731.0,3.0,2.0,1.0,images/40_9.jpg
860.0,2.0,2.0,1.0,images/40_10.jpg
1450.0,3.0,2.0,1.0,images/40_11.jpg
2168.0,3.0,2.5,1.0,images/40_12.jpg
2557.0,3.0,2.5,1.0,images/40_13.jpg
2268.0,3.0,2.0,1.0,images/40_14.jpg
2091.0,3.0,2.5,1.0,images/40_15.jpg
395.0,1.0,1.0,1.0,images/40_16.jpg
920.0,2.0,2.0,2.0,images/40_17.jpg
2482.0,4.0,3.5,1.0,images/40_18.jpg
2720.0,3.0,2.5,2.0,images/40_19.jpg
2448.0,4.0,3.0,1.0,images/40_20.jpg
300.0,1.0,1.0,1.0,images/40_21.jpg
900.0,2.0,1.0,1.0,images/40_22.jpg
3882.0,5.0,2.5,2.0,images/40_23.jpg
1749.0,3.0,2.0,1.0,images/40_24.jpg
891.0,2.0,2.0,1.0,images/40_25.jpg
3584.0,4.0,2.5,2.0,images/40_26.jpg
287.0,1.0,1.0,1.0,images/40_27.jpg
4903.0,4.0,5.0,2.0,images/40_28.jpg
1412.0,3.0,2.0,1.0,images/40_29.jpg
1616.0,2.0,2.0,2.0,images/40_30.jpg
1617.0,3.0,2.0,1.0,images/41_1.jpg
4903.0,4.0,5.0,2.0,images/41_2.jpg
2566.0,4.0,3.0,2.0,images/41_3.jpg
1824.0,3.0,2.5,2.0,images/41_4.jpg
1492.0,3.0,2.0,1.0,images/41_5.jpg
1080.0,3.0,2.0,1.0,images/41_6.jpg
448.0,1.0,1.0,1.0,images/41_7.jpg
1604.0,3.0,2.5,2.0,images/41_8.jpg
2076.0,3.0,2.5,2.0,images/41_9.jpg
1962.0,3.0,2.5,2.0,images/41_10.jpg
1599.0,3.0,2.5,2.0,images/41_11.jpg
784.0,1.0,1.0,1.0,images/41_12.jpg
1655.0,3.0,2.0,2.0,images/41_13.jpg
1646.0,3.0,2.5,2.0,images/41_14.jpg
2182.0,3.0,2.5,2.0,images/41_15.jpg
2834.0,4.0,3.5,2.0,images/41_16.jpg
3222.0,5.0,4.0,1.0,images/41_17.jpg
2193.0,1.0,1.0,2.0,images/41_18.jpg
2264.0,3.0,2.5,1.0,images/41_19.jpg
2152.0,3.0,2.5,3.0,images/41_20.jpg
1997.0,4.0,2.5,1.0,images/41_21.jpg
1787.0,3.0,2.0,1.0,images/41_22.jpg
1446.0,4.0,2.0,1.0,images/41_23.jpg
2855.0,4.0,3.0,2.0,images/41_24.jpg
1814.0,3.0,1.5,2.0,images/41_25.jpg
1787.0,3.0,2.5,2.0,images/41_26.jpg
3277.0,5.0,4.0,2.0,images/41_27.jpg
3435.0,4.0,3.5,2.0,images/41_28.jpg
4469.0,4.0,3.5,2.0,images/41_29.jpg
2026.0,3.0,3.0,2.0,images/41_30.jpg
3123.0,3.0,3.5,3.0,images/42_1.jpg
2400.0,4.0,3.5,1.0,images/42_2.jpg
3952.0,4.0,4.0,2.0,images/42_3.jpg
3164.0,4.0,2.5,2.0,images/42_4.jpg
3638.0,3.0,3.5,1.0,images/42_5.jpg
2526.0,3.0,2.5,2.0,images/42_6.jpg
3507.0,4.0,3.0,1.0,images/42_7.jpg
2555.0,5.0,4.0,2.0,images/42_8.jpg
1800.0,3.0,2.5,1.0,images/42_9.jpg
1872.0,3.0,2.0,1.0,images/42_10.jpg
624.0,1.0,1.0,1.0,images/42_11.jpg
3088.0,4.0,3.5,2.0,images/42_12.jpg
1479.0,3.0,2.0,2.0,images/42_13.jpg
1727.0,2.0,2.0,2.0,images/42_14.jpg
4923.0,4.0,3.5,2.0,images/42_15.jpg
6136.0,5.0,5.5,2.0,images/42_16.jpg
3882.0,5.0,2.5,2.0,images/42_17.jpg
1185.0,2.0,2.0,1.0,images/42_18.jpg
3031.0,4.0,5.0,2.0,images/42_19.jpg
11672.0,6.0,7.5,3.0,images/42_20.jpg
2684.0,3.0,3.0,1.0,images/42_21.jpg
2444.0,3.0,2.5,1.0,images/42_22.jpg
3507.0,3.0,4.0,2.0,images/42_23.jpg
1061.0,2.0,2.0,1.0,images/42_24.jpg
1697.0,3.0,2.0,1.0,images/42_25.jpg
7466.0,5.0,5.5,2.0,images/42_26.jpg
2543.0,4.0,3.0,2.0,images/42_27.jpg
2483.0,4.0,3.0,2.0,images/42_28.jpg
5564.0,4.0,5.5,2.0,images/42_29.jpg
2493.0,4.0,4.5,2.0,images/42_30.jpg
2400.0,4.0,3.5,1.0,images/43_1.jpg
1879.0,3.0,2.0,1.0,images/43_2.jpg
3952.0,4.0,4.0,2.0,images/43_3.jpg
3164.0,4.0,2.5,2.0,images/43_4.jpg
2526.0,3.0,2.5,2.0,images/43_5.jpg
3507.0,4.0,3.0,1.0,images/43_6.jpg
624.0,1.0,1.0,1.0,images/43_7.jpg
2168.0,3.0,2.5,1.0,images/43_8.jpg
2091.0,3.0,2.5,1.0,images/43_9.jpg
3088.0,4.0,3.5,2.0,images/43_10.jpg
1727.0,2.0,2.0,2.0,images/43_11.jpg
2720.0,3.0,2.5,2.0,images/43_12.jpg
3122.0,3.0,3.5,1.0,images/43_13.jpg
1428.0,3.0,2.0,1.0,images/43_14.jpg
1185.0,2.0,2.0,1.0,images/43_15.jpg
1749.0,3.0,2.0,1.0,images/43_16.jpg
1740.0,3.0,2.0,1.0,images/43_17.jpg
2296.0,3.0,3.0,2.0,images/43_18.jpg
999.0,2.0,2.0,1.0,images/43_19.jpg
2556.0,4.0,3.0,2.0,images/43_20.jpg
1061.0,2.0,2.0,1.0,images/43_21.jpg
3009.0,4.0,4.0,2.0,images/43_22.jpg
5077.0,5.0,4.0,2.0,images/43_23.jpg
1398.0,3.0,2.0,1.0,images/43_24.jpg
4910.0,5.0,5.5,2.0,images/43_25.jpg
3493.0,4.0,3.5,2.0,images/43_26.jpg
2847.0,3.0,3.0,1.0,images/43_27.jpg
1191.0,2.0,2.0,1.0,images/43_28.jpg
2258.0,3.0,2.5,2.0,images/43_29.jpg
2551.0,4.0,3.5,2.0,images/43_30.jpg
2458.0,3.0,2.5,2.0,images/44_1.jpg
5051.0,4.0,4.5,2.0,images/44_2.jpg
2400.0,4.0,3.5,1.0,images/44_3.jpg
3952.0,4.0,4.0,2.0,images/44_4.jpg
3374.0,3.0,3.5,2.0,images/44_5.jpg
3164.0,4.0,2.5,2.0,images/44_6.jpg
2526.0,3.0,2.5,2.0,images/44_7.jpg
3507.0,4.0,3.0,1.0,images/44_8.jpg
624.0,1.0,1.0,1.0,images/44_9.jpg
2180.0,4.0,3.0,1.0,images/44_10.jpg
1738.0,3.0,2.5,2.0,images/44_11.jpg
3088.0,4.0,3.5,2.0,images/44_12.jpg
1966.0,4.0,3.0,2.0,images/44_13.jpg
2742.0,4.0,3.5,1.0,images/44_14.jpg
1185.0,2.0,2.0,1.0,images/44_15.jpg
2920.0,3.0,2.5,1.0,images/44_16.jpg
1740.0,3.0,2.0,1.0,images/44_17.jpg
2556.0,4.0,3.0,2.0,images/44_18.jpg
1061.0,2.0,2.0,1.0,images/44_19.jpg
1697.0,3.0,2.0,1.0,images/44_20.jpg
2926.0,4.0,3.5,1.0,images/44_21.jpg
5564.0,4.0,5.5,2.0,images/44_22.jpg
3360.0,5.0,4.0,1.0,images/44_23.jpg
1398.0,3.0,2.0,1.0,images/44_24.jpg
4910.0,5.0,5.5,2.0,images/44_25.jpg
10735.0,5.0,6.0,2.0,images/44_26.jpg
1628.0,3.0,2.0,1.0,images/44_27.jpg
1963.0,3.0,2.5,2.0,images/44_28.jpg
1191.0,2.0,2.0,1.0,images/44_29.jpg
2468.0,3.0,2.5,1.0,images/44_30.jpg
3952.0,4.0,4.0,2.0,images/45_1.jpg
2400.0,4.0,3.5,1.0,images/45_2.jpg
3164.0,4.0,2.5,2.0,images/45_3.jpg
1764.0,4.0,2.0,1.0,images/45_4.jpg
2526.0,3.0,2.5,2.0,images/45_5.jpg
3507.0,4.0,3.0,1.0,images/45_6.jpg
624.0,1.0,1.0,1.0,images/45_7.jpg
3048.0,4.0,4.0,1.0,images/45_8.jpg
3088.0,4.0,3.5,2.0,images/45_9.jpg
1479.0,3.0,2.0,2.0,images/45_10.jpg
1727.0,2.0,2.0,2.0,images/45_11.jpg
1486.0,3.0,2.0,1.0,images/45_12.jpg
1966.0,4.0,3.0,2.0,images/45_13.jpg
1428.0,3.0,2.0,1.0,images/45_14.jpg
1827.0,3.0,2.5,2.0,images/45_15.jpg
2481.0,4.0,3.0,2.0,images/45_16.jpg
2742.0,4.0,3.5,1.0,images/45_17.jpg
3882.0,5.0,2.5,2.0,images/45_18.jpg
1185.0,2.0,2.0,1.0,images/45_19.jpg
2920.0,3.0,2.5,1.0,images/45_20.jpg
1740.0,3.0,2.0,1.0,images/45_21.jpg
800.0,2.0,1.0,1.0,images/45_22.jpg
1061.0,2.0,2.0,1.0,images/45_23.jpg
2926.0,4.0,3.5,1.0,images/45_24.jpg
5077.0,5.0,4.0,2.0,images/45_25.jpg
1398.0,3.0,2.0,1.0,images/45_26.jpg
4910.0,5.0,5.5,2.0,images/45_27.jpg
1963.0,3.0,2.5,2.0,images/45_28.jpg
1898.0,3.0,2.0,1.0,images/45_29.jpg
2097.0,4.0,3.0,1.0,images/45_30.jpg
2961.0,4.0,3.5,2.0,images/47_1.jpg
2085.0,3.0,2.5,1.0,images/47_2.jpg
1742.0,3.0,2.5,1.0,images/47_3.jpg
2486.0,3.0,2.5,1.0,images/47_4.jpg
1769.0,3.0,2.0,1.0,images/47_5.jpg
3776.0,3.0,3.5,1.0,images/47_6.jpg
2765.0,3.0,2.5,2.0,images/47_7.jpg
2039.0,3.0,2.0,1.0,images/47_8.jpg
2400.0,4.0,3.5,1.0,images/47_9.jpg
1817.0,3.0,2.0,1.0,images/47_10.jpg
1924.0,3.0,2.5,1.0,images/47_11.jpg
2326.0,4.0,2.5,1.0,images/47_12.jpg
1421.0,3.0,2.0,1.0,images/47_13.jpg
1879.0,3.0,2.0,1.0,images/47_14.jpg
1486.0,3.0,2.0,1.0,images/47_15.jpg
1254.0,2.0,2.0,1.0,images/47_16.jpg
1448.0,2.0,2.0,1.0,images/47_17.jpg
2428.0,3.0,2.5,1.0,images/47_18.jpg
3952.0,4.0,4.0,2.0,images/47_19.jpg
1650.0,3.0,2.5,1.0,images/47_20.jpg
1599.0,3.0,2.5,1.0,images/47_21.jpg
1493.0,3.0,2.0,1.0,images/47_22.jpg
2686.0,4.0,2.5,1.0,images/47_23.jpg
3374.0,3.0,3.5,2.0,images/47_24.jpg
800.0,2.0,1.0,1.0,images/47_25.jpg
1956.0,3.0,2.5,1.0,images/47_26.jpg
2230.0,3.0,2.5,1.0,images/47_27.jpg
1500.0,3.0,2.0,1.0,images/47_28.jpg
3164.0,4.0,2.5,2.0,images/47_29.jpg
3638.0,3.0,3.5,1.0,images/47_30.jpg
1740.0,3.0,2.0,1.0,images/48_1.jpg
800.0,2.0,1.0,1.0,images/48_2.jpg
2557.0,3.0,2.5,1.0,images/48_3.jpg
2091.0,3.0,2.5,1.0,images/48_4.jpg
2720.0,3.0,2.5,2.0,images/48_5.jpg
1428.0,3.0,2.0,1.0,images/48_6.jpg
2742.0,4.0,3.5,1.0,images/48_7.jpg
1749.0,3.0,2.0,1.0,images/48_8.jpg
1412.0,3.0,2.0,1.0,images/48_9.jpg
600.0,1.0,1.0,1.0,images/48_10.jpg
2518.0,4.0,3.0,2.0,images/48_11.jpg
5884.0,5.0,5.5,1.0,images/48_12.jpg
2352.0,4.0,2.5,1.0,images/48_13.jpg
2556.0,4.0,3.0,2.0,images/48_14.jpg
800.0,2.0,1.0,1.0,images/48_15.jpg
2282.0,3.0,2.5,1.0,images/48_16.jpg
3754.0,3.0,2.5,2.0,images/48_17.jpg
4750.0,4.0,4.5,2.0,images/48_18.jpg
3493.0,4.0,3.5,2.0,images/48_19.jpg
2847.0,3.0,3.0,1.0,images/48_20.jpg
2414.0,3.0,3.0,2.0,images/48_21.jpg
869.0,2.0,1.0,1.0,images/48_22.jpg
3738.0,4.0,4.5,2.0,images/48_23.jpg
3878.0,4.0,5.5,2.0,images/48_24.jpg
2267.0,3.0,3.0,2.0,images/48_25.jpg
2557.0,3.0,3.5,2.0,images/48_26.jpg
1924.0,3.0,2.0,1.0,images/48_27.jpg
3187.0,4.0,3.5,2.0,images/48_28.jpg
1687.0,3.0,2.5,2.0,images/48_29.jpg
2158.0,4.0,2.5,2.0,images/48_30.jpg
3041.0,3.0,2.5,2.0,images/51_1.jpg
784.0,1.0,1.0,1.0,images/51_2.jpg
2486.0,3.0,2.5,1.0,images/51_3.jpg
2220.0,3.0,2.0,1.0,images/51_4.jpg
3776.0,3.0,3.5,1.0,images/51_5.jpg
2765.0,3.0,2.5,2.0,images/51_6.jpg
2039.0,3.0,2.0,1.0,images/51_7.jpg
2400.0,3.0,3.5,1.0,images/51_8.jpg
2030.0,3.0,2.0,1.0,images/51_9.jpg
612.0,1.0,1.0,1.0,images/51_10.jpg
1800.0,3.0,2.0,1.0,images/51_11.jpg
2000.0,3.0,2.5,1.0,images/51_12.jpg
2235.0,4.0,3.0,2.0,images/51_13.jpg
1260.0,2.0,2.0,1.0,images/51_14.jpg
2016.0,3.0,2.5,1.0,images/51_15.jpg
3374.0,3.0,3.5,2.0,images/51_16.jpg
2084.0,3.0,2.5,2.0,images/51_17.jpg
924.0,2.0,1.0,1.0,images/51_18.jpg
525.0,1.0,1.0,2.0,images/51_19.jpg
2765.0,3.0,2.5,2.0,images/51_20.jpg
3399.0,3.0,3.0,2.0,images/51_21.jpg
1800.0,3.0,3.0,1.0,images/51_22.jpg
1596.0,3.0,2.0,1.0,images/51_23.jpg
1639.0,3.0,2.0,1.0,images/51_24.jpg
2693.0,3.0,2.5,2.0,images/51_25.jpg
2250.0,3.0,2.5,2.0,images/51_26.jpg
2168.0,3.0,2.5,1.0,images/51_27.jpg
2311.0,3.0,2.5,2.0,images/51_28.jpg
896.0,2.0,1.0,1.0,images/51_29.jpg
2000.0,4.0,3.0,1.0,images/51_30.jpg
2894.0,4.0,3.5,3.0,images/52_1.jpg
3595.0,3.0,4.5,3.0,images/52_2.jpg
1105.0,2.0,2.0,1.0,images/52_3.jpg
3105.0,4.0,3.0,2.0,images/52_4.jpg
856.0,2.0,1.0,1.0,images/52_5.jpg
2810.0,4.0,3.0,4.0,images/52_6.jpg
6182.0,5.0,5.5,2.0,images/52_7.jpg
1024.0,1.0,1.5,1.0,images/52_8.jpg
1011.0,2.0,2.0,2.0,images/52_9.jpg
1011.0,2.0,2.0,2.0,images/52_10.jpg
4159.0,4.0,4.5,2.0,images/52_11.jpg
896.0,1.0,1.5,1.0,images/52_12.jpg
576.0,1.0,1.0,1.0,images/52_13.jpg
935.0,2.0,1.0,1.0,images/52_14.jpg
1267.0,2.0,2.0,2.0,images/52_15.jpg
991.0,2.0,2.0,1.0,images/52_16.jpg
3310.0,4.0,3.5,2.0,images/52_17.jpg
1697.0,3.0,2.0,1.0,images/52_18.jpg
799.0,1.0,1.5,1.0,images/52_19.jpg
1410.0,3.0,2.0,2.0,images/52_20.jpg
2543.0,4.0,3.0,2.0,images/52_21.jpg
2483.0,4.0,3.0,2.0,images/52_22.jpg
2493.0,4.0,4.5,2.0,images/52_23.jpg
2184.0,3.0,2.0,2.0,images/52_24.jpg
954.0,2.0,1.0,1.0,images/52_25.jpg
2386.0,4.0,3.0,1.0,images/52_26.jpg
816.0,1.0,1.0,1.0,images/52_27.jpg
1249.0,3.0,2.0,2.0,images/52_28.jpg
796.0,1.0,1.0,1.0,images/52_29.jpg
1697.0,3.0,2.0,2.0,images/52_30.jpg
1879.0,3.0,2.0,1.0,images/53_1.jpg
1642.0,3.0,2.5,1.0,images/53_2.jpg
1200.0,3.0,2.0,1.0,images/53_3.jpg
624.0,1.0,1.0,1.0,images/53_4.jpg
2234.0,3.0,2.5,1.0,images/53_5.jpg
1473.0,3.0,2.0,1.0,images/53_6.jpg
1788.0,3.0,2.0,1.0,images/53_7.jpg
2073.0,3.0,2.5,1.0,images/53_8.jpg
1374.0,3.0,2.0,2.0,images/53_9.jpg
1024.0,1.0,1.5,1.0,images/53_10.jpg
1749.0,3.0,2.0,1.0,images/53_11.jpg
2988.0,4.0,3.0,2.0,images/53_12.jpg
1914.0,3.0,2.0,1.0,images/53_13.jpg
691.0,2.0,1.0,1.0,images/53_14.jpg
1451.0,3.0,2.0,1.0,images/53_15.jpg
1428.0,3.0,2.0,1.0,images/53_16.jpg
2296.0,3.0,3.0,2.0,images/53_17.jpg
999.0,2.0,2.0,1.0,images/53_18.jpg
3797.0,4.0,3.5,2.0,images/53_19.jpg
1697.0,3.0,2.0,1.0,images/53_20.jpg
788.0,1.0,1.0,1.0,images/53_21.jpg
3742.0,4.0,4.0,2.0,images/53_22.jpg
1440.0,2.0,2.0,1.0,images/53_23.jpg
1947.0,4.0,2.5,1.0,images/53_24.jpg
680.0,1.0,1.0,2.0,images/53_25.jpg
1657.0,3.0,2.0,1.0,images/53_26.jpg
1628.0,3.0,2.0,1.0,images/53_27.jpg
2590.0,3.0,3.0,2.0,images/53_28.jpg
640.0,1.0,1.0,2.0,images/53_29.jpg
930.0,2.0,2.0,1.0,images/53_30.jpg
1230.0,3.0,2.0,1.0,images/54_1.jpg
1679.0,2.0,2.0,1.0,images/54_2.jpg
1200.0,2.0,2.0,1.0,images/54_3.jpg
768.0,1.0,1.0,1.0,images/54_4.jpg
624.0,1.0,1.0,1.0,images/54_5.jpg
384.0,1.0,1.0,1.0,images/54_6.jpg
2234.0,3.0,2.5,1.0,images/54_7.jpg
2268.0,3.0,2.0,1.0,images/54_8.jpg
1479.0,3.0,2.0,2.0,images/54_9.jpg
1727.0,2.0,2.0,2.0,images/54_10.jpg
1770.0,3.0,2.5,2.0,images/54_11.jpg
522.0,1.0,1.0,2.0,images/54_12.jpg
1277.0,3.0,2.0,1.0,images/54_13.jpg
1966.0,4.0,3.0,2.0,images/54_14.jpg
1143.0,2.0,1.0,1.0,images/54_15.jpg
900.0,2.0,1.0,1.0,images/54_16.jpg
1599.0,2.0,2.0,2.0,images/54_17.jpg
1374.0,3.0,2.0,2.0,images/54_18.jpg
640.0,1.0,1.0,1.0,images/54_19.jpg
761.0,2.0,1.0,2.0,images/54_20.jpg
1011.0,2.0,2.0,2.0,images/54_21.jpg
2662.0,3.0,3.0,2.0,images/54_22.jpg
1011.0,2.0,2.0,2.0,images/54_23.jpg
1400.0,2.0,2.0,2.0,images/54_24.jpg
896.0,1.0,1.5,1.0,images/54_25.jpg
600.0,1.0,1.0,1.0,images/54_26.jpg
935.0,2.0,1.0,1.0,images/54_27.jpg
1162.0,2.0,2.0,1.0,images/54_28.jpg
598.0,1.0,1.0,1.0,images/54_29.jpg
480.0,2.0,1.0,1.0,images/54_30.jpg
9360.0,6.0,6.5,2.0,images/55_1.jpg
2191.0,3.0,2.5,1.0,images/55_2.jpg
8210.0,6.0,7.5,2.0,images/55_3.jpg
5564.0,4.0,5.5,2.0,images/55_4.jpg
10735.0,5.0,6.0,2.0,images/55_5.jpg
2523.0,4.0,3.0,2.0,images/55_6.jpg
5699.0,5.0,7.0,2.0,images/55_7.jpg
2502.0,4.0,3.5,2.0,images/55_8.jpg
2551.0,4.0,3.5,2.0,images/55_9.jpg
3265.0,4.0,3.5,3.0,images/55_10.jpg
1640.0,3.0,2.0,1.0,images/55_11.jpg
4327.0,4.0,3.5,2.0,images/55_12.jpg
3136.0,4.0,3.5,1.0,images/55_13.jpg
1895.0,4.0,2.5,2.0,images/55_14.jpg
768.0,2.0,1.0,1.0,images/55_15.jpg
2898.0,4.0,3.0,2.0,images/55_16.jpg
1990.0,3.0,2.0,1.0,images/55_17.jpg
643.0,1.0,2.0,2.0,images/55_18.jpg
4417.0,4.0,4.5,2.0,images/55_19.jpg
4969.0,3.0,3.5,2.0,images/55_20.jpg
3618.0,4.0,4.0,2.0,images/55_21.jpg
1172.0,2.0,2.0,1.0,images/55_22.jpg
3270.0,4.0,3.5,2.0,images/55_23.jpg
1649.0,3.0,2.5,1.0,images/55_24.jpg
2099.0,5.0,2.5,2.0,images/55_25.jpg
2141.0,4.0,2.5,2.0,images/55_26.jpg
2379.0,3.0,2.5,1.0,images/55_27.jpg
1320.0,3.0,2.0,1.0,images/55_28.jpg
1486.0,3.0,2.5,2.0,images/55_29.jpg
3869.0,4.0,3.5,2.0,images/55_30.jpg
2510.0,3.0,2.5,1.0,images/56_1.jpg
4298.0,4.0,4.5,2.0,images/56_2.jpg
741.0,1.0,1.0,2.0,images/56_3.jpg
11000.0,5.0,5.0,3.0,images/56_4.jpg
9360.0,6.0,6.5,2.0,images/56_5.jpg
3206.0,6.0,3.0,2.0,images/56_6.jpg
4903.0,4.0,5.0,2.0,images/56_7.jpg
880.0,1.0,2.0,2.0,images/56_8.jpg
5739.0,5.0,5.5,1.0,images/56_9.jpg
2631.0,4.0,3.0,2.0,images/56_10.jpg
5564.0,4.0,5.5,2.0,images/56_11.jpg
2566.0,4.0,3.0,2.0,images/56_12.jpg
4724.0,5.0,4.5,2.0,images/56_13.jpg
1872.0,3.0,3.0,2.0,images/56_14.jpg
10735.0,5.0,6.0,2.0,images/56_15.jpg
4943.0,4.0,4.5,2.0,images/56_16.jpg
2400.0,3.0,2.5,2.0,images/56_17.jpg
3414.0,3.0,3.5,2.0,images/56_18.jpg
2148.0,4.0,2.5,2.0,images/56_19.jpg
3359.0,4.0,3.5,2.0,images/56_20.jpg
2557.0,3.0,3.5,2.0,images/56_21.jpg
3664.0,4.0,4.0,2.0,images/56_22.jpg
1640.0,3.0,2.0,1.0,images/56_23.jpg
1476.0,3.0,2.0,1.0,images/56_24.jpg
2400.0,4.0,3.5,2.0,images/56_25.jpg
1775.0,3.0,2.5,2.0,images/56_26.jpg
909.0,1.0,1.5,2.0,images/56_27.jpg
1730.0,4.0,2.5,2.0,images/56_28.jpg
1385.0,3.0,2.0,1.0,images/56_29.jpg
2825.0,4.0,3.5,2.0,images/56_30.jpg
3345.0,3.0,3.5,2.0,images/57_1.jpg
3458.0,4.0,4.5,3.0,images/57_2.jpg
3776.0,3.0,3.5,1.0,images/57_3.jpg
1679.0,2.0,2.0,1.0,images/57_4.jpg
3595.0,3.0,4.5,3.0,images/57_5.jpg
2235.0,3.0,2.5,1.0,images/57_6.jpg
1200.0,2.0,2.0,1.0,images/57_7.jpg
1509.0,3.0,2.0,2.0,images/57_8.jpg
926.0,2.0,2.0,1.0,images/57_9.jpg
1576.0,3.0,2.0,2.0,images/57_10.jpg
3374.0,3.0,3.5,2.0,images/57_11.jpg
2287.0,3.0,3.0,2.0,images/57_12.jpg
1105.0,2.0,2.0,1.0,images/57_13.jpg
2827.0,3.0,3.0,2.0,images/57_14.jpg
3164.0,4.0,2.5,2.0,images/57_15.jpg
3638.0,3.0,3.5,1.0,images/57_16.jpg
3105.0,4.0,3.0,2.0,images/57_17.jpg
1212.0,2.0,1.0,1.0,images/57_18.jpg
3224.0,6.0,4.5,2.0,images/57_19.jpg
2358.0,3.0,2.5,1.0,images/57_20.jpg
1913.0,3.0,2.0,1.0,images/57_21.jpg
1731.0,3.0,2.0,1.0,images/57_22.jpg
1131.0,3.0,2.0,1.0,images/57_23.jpg
1639.0,3.0,2.0,1.0,images/57_24.jpg
3083.0,3.0,3.5,1.0,images/57_25.jpg
2250.0,3.0,2.5,2.0,images/57_26.jpg
985.0,2.0,2.0,2.0,images/57_27.jpg
2268.0,3.0,2.0,1.0,images/57_28.jpg
1552.0,3.0,2.0,1.0,images/57_29.jpg
1373.0,3.0,2.0,1.0,images/57_30.jpg
1616.0,2.0,2.0,2.0,images/58_1.jpg
1742.0,3.0,2.5,1.0,images/58_2.jpg
2743.0,4.0,4.5,2.0,images/58_3.jpg
2510.0,3.0,2.5,1.0,images/58_4.jpg
1285.0,2.0,2.0,1.0,images/58_5.jpg
1486.0,3.0,2.0,1.0,images/58_6.jpg
928.0,2.0,2.0,1.0,images/58_7.jpg
988.0,2.0,2.0,1.0,images/58_8.jpg
1254.0,2.0,2.0,1.0,images/58_9.jpg
926.0,2.0,2.0,1.0,images/58_10.jpg
2016.0,3.0,2.5,1.0,images/58_11.jpg
800.0,2.0,1.0,1.0,images/58_12.jpg
1500.0,3.0,2.0,1.0,images/58_13.jpg
1300.0,3.0,2.0,1.0,images/58_14.jpg
1425.0,3.0,2.0,1.0,images/58_15.jpg
1764.0,4.0,2.0,1.0,images/58_16.jpg
1212.0,2.0,1.0,1.0,images/58_17.jpg
618.0,1.0,1.0,2.0,images/58_18.jpg
4658.0,6.0,4.5,2.0,images/58_19.jpg
2526.0,3.0,2.5,2.0,images/58_20.jpg
1200.0,3.0,2.0,1.0,images/58_21.jpg
1732.0,4.0,2.5,1.0,images/58_22.jpg
856.0,2.0,1.0,1.0,images/58_23.jpg
624.0,1.0,1.0,1.0,images/58_24.jpg
1257.0,2.0,2.0,1.0,images/58_25.jpg
736.0,2.0,1.0,1.0,images/58_26.jpg
872.0,1.0,1.5,1.0,images/58_27.jpg
1450.0,3.0,2.0,1.0,images/58_28.jpg
1302.0,3.0,2.0,2.0,images/58_29.jpg
1738.0,3.0,2.5,2.0,images/58_30.jpg
1908.0,3.0,2.5,2.0,images/59_1.jpg
784.0,1.0,1.0,1.0,images/59_2.jpg
2085.0,3.0,2.5,1.0,images/59_3.jpg
1742.0,3.0,2.5,1.0,images/59_4.jpg
2486.0,3.0,2.5,1.0,images/59_5.jpg
2743.0,4.0,4.5,2.0,images/59_6.jpg
2220.0,3.0,2.0,1.0,images/59_7.jpg
1769.0,3.0,2.0,1.0,images/59_8.jpg
3776.0,3.0,3.5,1.0,images/59_9.jpg
2358.0,3.0,2.5,1.0,images/59_10.jpg
2765.0,3.0,2.5,2.0,images/59_11.jpg
2400.0,3.0,3.5,1.0,images/59_12.jpg
1679.0,2.0,2.0,1.0,images/59_13.jpg
612.0,1.0,1.0,1.0,images/59_14.jpg
2400.0,4.0,3.5,1.0,images/59_15.jpg
1924.0,3.0,2.5,1.0,images/59_16.jpg
2326.0,4.0,2.5,1.0,images/59_17.jpg
3127.0,4.0,3.5,1.0,images/59_18.jpg
1843.0,4.0,2.0,1.0,images/59_19.jpg
988.0,2.0,2.0,1.0,images/59_20.jpg
1800.0,3.0,2.0,1.0,images/59_21.jpg
2390.0,4.0,3.0,1.0,images/59_22.jpg
1254.0,2.0,2.0,1.0,images/59_23.jpg
1448.0,2.0,2.0,1.0,images/59_24.jpg
2428.0,3.0,2.5,1.0,images/59_25.jpg
981.0,2.0,2.0,1.0,images/59_26.jpg
2000.0,3.0,2.5,1.0,images/59_27.jpg
2235.0,4.0,3.0,2.0,images/59_28.jpg
1260.0,2.0,2.0,1.0,images/59_29.jpg
1611.0,3.0,2.0,1.0,images/59_30.jpg
3458.0,4.0,4.5,3.0,images/60_1.jpg
960.0,2.0,1.0,1.0,images/60_2.jpg
1769.0,3.0,2.0,1.0,images/60_3.jpg
2358.0,3.0,2.5,1.0,images/60_4.jpg
2765.0,3.0,2.5,2.0,images/60_5.jpg
2039.0,3.0,2.0,1.0,images/60_6.jpg
2030.0,3.0,2.0,1.0,images/60_7.jpg
2303.0,3.0,2.5,1.0,images/60_8.jpg
2400.0,4.0,3.5,1.0,images/60_9.jpg
1817.0,3.0,2.0,1.0,images/60_10.jpg
1843.0,4.0,2.0,1.0,images/60_11.jpg
1421.0,3.0,2.0,1.0,images/60_12.jpg
1879.0,3.0,2.0,1.0,images/60_13.jpg
928.0,2.0,2.0,1.0,images/60_14.jpg
988.0,2.0,2.0,1.0,images/60_15.jpg
988.0,2.0,2.0,1.0,images/60_16.jpg
1254.0,2.0,2.0,1.0,images/60_17.jpg
2428.0,3.0,2.5,1.0,images/60_18.jpg
1698.0,3.0,2.5,1.0,images/60_19.jpg
981.0,2.0,2.0,1.0,images/60_20.jpg
2016.0,3.0,2.5,1.0,images/60_21.jpg
1232.0,2.0,2.0,1.0,images/60_22.jpg
1956.0,3.0,2.5,1.0,images/60_23.jpg
2030.0,3.0,2.0,1.0,images/60_24.jpg
2230.0,3.0,2.5,1.0,images/60_25.jpg
1897.0,4.0,2.0,1.0,images/60_26.jpg
1232.0,2.0,2.0,1.0,images/60_27.jpg
1258.0,3.0,2.0,1.0,images/60_28.jpg
2765.0,3.0,2.5,2.0,images/60_29.jpg
1425.0,3.0,2.0,1.0,images/60_30.jpg
3359.0,3.0,4.0,2.0,images/61_1.jpg
5051.0,4.0,4.5,2.0,images/61_2.jpg
1285.0,2.0,2.0,1.0,images/61_3.jpg
3595.0,3.0,4.5,3.0,images/61_4.jpg
3127.0,4.0,3.5,1.0,images/61_5.jpg
2373.0,4.0,2.5,1.0,images/61_6.jpg
2578.0,4.0,3.0,1.0,images/61_7.jpg
1884.0,3.0,2.0,1.0,images/61_8.jpg
1800.0,3.0,2.5,1.0,images/61_9.jpg
1356.0,3.0,2.5,2.0,images/61_10.jpg
3692.0,5.0,5.0,2.0,images/61_11.jpg
3647.0,3.0,3.5,2.0,images/61_12.jpg
3214.0,3.0,3.5,1.0,images/61_13.jpg
3048.0,4.0,4.0,1.0,images/61_14.jpg
2789.0,4.0,3.5,1.0,images/61_15.jpg
3122.0,3.0,3.5,1.0,images/61_16.jpg
3340.0,4.0,4.5,1.0,images/61_17.jpg
1798.0,4.0,2.0,1.0,images/61_18.jpg
3176.0,4.0,3.5,1.0,images/61_19.jpg
300.0,1.0,1.0,1.0,images/61_20.jpg
11672.0,6.0,7.5,3.0,images/61_21.jpg
6860.0,4.0,5.0,2.0,images/61_22.jpg
2469.0,4.0,3.0,2.0,images/61_23.jpg
4754.0,4.0,3.5,2.0,images/61_24.jpg
1162.0,2.0,2.0,1.0,images/61_25.jpg
6554.0,4.0,4.5,1.0,images/61_26.jpg
3310.0,4.0,3.5,2.0,images/61_27.jpg
3487.0,4.0,2.5,2.0,images/61_28.jpg
3704.0,4.0,4.5,1.0,images/61_29.jpg
5739.0,5.0,5.5,1.0,images/61_30.jpg
2578.0,4.0,3.5,1.0,images/62_1.jpg
784.0,1.0,1.0,1.0,images/62_2.jpg
2085.0,3.0,2.5,1.0,images/62_3.jpg
1742.0,3.0,2.5,1.0,images/62_4.jpg
2486.0,3.0,2.5,1.0,images/62_5.jpg
2743.0,4.0,4.5,2.0,images/62_6.jpg
2588.0,3.0,2.5,1.0,images/62_7.jpg
2220.0,3.0,2.0,1.0,images/62_8.jpg
2510.0,3.0,2.5,1.0,images/62_9.jpg
960.0,2.0,1.0,1.0,images/62_10.jpg
2358.0,3.0,2.5,1.0,images/62_11.jpg
2352.0,4.0,3.0,1.0,images/62_12.jpg
2765.0,3.0,2.5,2.0,images/62_13.jpg
2039.0,3.0,2.0,1.0,images/62_14.jpg
2400.0,3.0,3.5,1.0,images/62_15.jpg
2030.0,3.0,2.0,1.0,images/62_16.jpg
2303.0,3.0,2.5,1.0,images/62_17.jpg
612.0,1.0,1.0,1.0,images/62_18.jpg
2400.0,4.0,3.5,1.0,images/62_19.jpg
1817.0,3.0,2.0,1.0,images/62_20.jpg
1924.0,3.0,2.5,1.0,images/62_21.jpg
2326.0,4.0,2.5,1.0,images/62_22.jpg
3127.0,4.0,3.5,1.0,images/62_23.jpg
1843.0,4.0,2.0,1.0,images/62_24.jpg
1486.0,3.0,2.0,1.0,images/62_25.jpg
928.0,2.0,2.0,1.0,images/62_26.jpg
988.0,2.0,2.0,1.0,images/62_27.jpg
988.0,2.0,2.0,1.0,images/62_28.jpg
1800.0,3.0,2.0,1.0,images/62_29.jpg
2373.0,4.0,2.5,1.0,images/62_30.jpg
2328.0,3.0,2.0,2.0,images/63_1.jpg
1285.0,2.0,2.0,3.0,images/63_2.jpg
950.0,1.0,1.0,2.0,images/63_3.jpg
5140.0,5.0,4.5,2.0,images/63_4.jpg
1338.0,2.0,2.0,2.0,images/63_5.jpg
360.0,1.0,1.0,1.0,images/63_6.jpg
3725.0,6.0,3.0,2.0,images/63_7.jpg
1509.0,2.0,2.0,2.0,images/63_8.jpg
4310.0,5.0,5.0,2.0,images/63_9.jpg
3670.0,6.0,5.0,2.0,images/63_10.jpg
4565.0,4.0,3.5,2.0,images/63_11.jpg
3725.0,4.0,3.0,2.0,images/63_12.jpg
2513.0,3.0,2.5,2.0,images/63_13.jpg
2281.0,3.0,2.5,2.0,images/63_14.jpg
1390.0,2.0,2.0,1.0,images/63_15.jpg
1568.0,2.0,2.5,2.0,images/63_16.jpg
1362.0,2.0,2.0,2.0,images/63_17.jpg
1427.0,2.0,2.0,2.0,images/63_18.jpg
3867.0,5.0,4.0,3.0,images/63_19.jpg
1601.0,3.0,2.0,2.0,images/63_20.jpg
2319.0,3.0,2.5,2.0,images/63_21.jpg
1512.0,3.0,2.0,1.0,images/63_22.jpg
2688.0,3.0,4.0,1.0,images/63_23.jpg
2053.0,2.0,2.0,2.0,images/63_24.jpg
1785.0,3.0,3.0,2.0,images/63_25.jpg
1040.0,1.0,1.0,2.0,images/63_26.jpg
2576.0,2.0,2.0,2.0,images/63_27.jpg
2057.0,3.0,3.0,2.0,images/63_28.jpg
1469.0,1.0,1.0,2.0,images/63_29.jpg
1485.0,3.0,3.0,2.0,images/63_30.jpg
4923.0,4.0,3.5,2.0,images/64_1.jpg
2191.0,3.0,2.5,1.0,images/64_2.jpg
3599.0,4.0,4.5,1.0,images/64_3.jpg
8364.0,6.0,6.0,3.0,images/64_4.jpg
6136.0,5.0,5.5,2.0,images/64_5.jpg
7395.0,6.0,7.5,2.0,images/64_6.jpg
3031.0,4.0,5.0,2.0,images/64_7.jpg
11672.0,6.0,7.5,3.0,images/64_8.jpg
6860.0,4.0,5.0,2.0,images/64_9.jpg
8001.0,5.0,5.5,2.0,images/64_10.jpg
2684.0,3.0,3.0,1.0,images/64_11.jpg
6079.0,5.0,6.0,2.0,images/64_12.jpg
6001.0,5.0,6.5,2.0,images/64_13.jpg
6554.0,4.0,4.5,1.0,images/64_14.jpg
4030.0,4.0,4.5,1.0,images/64_15.jpg
4428.0,5.0,5.0,2.0,images/64_16.jpg
4403.0,4.0,4.5,1.0,images/64_17.jpg
4167.0,4.0,5.5,2.0,images/64_18.jpg
2504.0,3.0,3.0,1.0,images/64_19.jpg
1920.0,4.0,2.0,1.0,images/64_20.jpg
2034.0,3.0,2.0,1.0,images/64_21.jpg
6045.0,5.0,5.5,2.0,images/64_22.jpg
3601.0,3.0,2.5,1.0,images/64_23.jpg
3718.0,4.0,5.0,1.0,images/64_24.jpg
5653.0,5.0,5.2,2.0,images/64_25.jpg
4730.0,4.0,4.5,2.0,images/64_26.jpg
3163.0,4.0,3.5,1.0,images/64_27.jpg
3585.0,5.0,4.0,2.0,images/64_28.jpg
3790.0,4.0,4.5,1.0,images/64_29.jpg
1920.0,4.0,2.0,1.0,images/64_30.jpg
4356.0,4.0,4.5,2.0,images/65_1.jpg
3458.0,4.0,4.5,3.0,images/65_2.jpg
1679.0,2.0,2.0,1.0,images/65_3.jpg
3595.0,3.0,4.5,3.0,images/65_4.jpg
2373.0,4.0,2.5,1.0,images/65_5.jpg
2235.0,3.0,2.5,1.0,images/65_6.jpg
1200.0,2.0,2.0,1.0,images/65_7.jpg
1509.0,3.0,2.0,2.0,images/65_8.jpg
926.0,2.0,2.0,1.0,images/65_9.jpg
1576.0,3.0,2.0,2.0,images/65_10.jpg
3374.0,3.0,3.5,2.0,images/65_11.jpg
800.0,2.0,1.0,1.0,images/65_12.jpg
2287.0,3.0,3.0,2.0,images/65_13.jpg
1105.0,2.0,2.0,1.0,images/65_14.jpg
1642.0,3.0,2.5,1.0,images/65_15.jpg
3638.0,3.0,3.5,1.0,images/65_16.jpg
1979.0,3.0,2.5,1.0,images/65_17.jpg
3105.0,4.0,3.0,2.0,images/65_18.jpg
618.0,1.0,1.0,2.0,images/65_19.jpg
1600.0,3.0,2.0,1.0,images/65_20.jpg
3224.0,6.0,4.5,2.0,images/65_21.jpg
1872.0,3.0,2.0,1.0,images/65_22.jpg
1913.0,3.0,2.0,1.0,images/65_23.jpg
1731.0,3.0,2.0,1.0,images/65_24.jpg
1131.0,3.0,2.0,1.0,images/65_25.jpg
860.0,2.0,2.0,1.0,images/65_26.jpg
3083.0,3.0,3.5,1.0,images/65_27.jpg
1953.0,2.0,2.5,2.0,images/65_28.jpg
985.0,2.0,2.0,2.0,images/65_29.jpg
2557.0,3.0,2.5,1.0,images/65_30.jpg
1922.0,3.0,2.0,1.0,images/66_1.jpg
1432.0,2.0,2.0,1.0,images/66_2.jpg
2476.0,3.0,3.5,1.0,images/66_3.jpg
3334.0,4.0,3.5,2.0,images/66_4.jpg
1525.0,3.0,2.0,1.0,images/66_5.jpg
2206.0,3.0,2.5,1.0,images/66_6.jpg
2557.0,3.0,2.5,1.0,images/66_7.jpg
6001.0,5.0,6.5,2.0,images/66_8.jpg
3742.0,4.0,4.0,2.0,images/66_9.jpg
4750.0,4.0,4.5,2.0,images/66_10.jpg
3345.0,3.0,3.5,2.0,images/66_11.jpg
10281.0,7.0,7.5,2.0,images/66_12.jpg
2175.0,3.0,2.5,1.0,images/66_13.jpg
4545.0,5.0,4.0,1.0,images/66_14.jpg
1927.0,3.0,3.0,2.0,images/66_15.jpg
2175.0,4.0,2.5,2.0,images/66_16.jpg
3738.0,4.0,4.5,2.0,images/66_17.jpg
3601.0,3.0,2.5,1.0,images/66_18.jpg
2764.0,3.0,3.0,1.0,images/66_19.jpg
4215.0,4.0,4.0,1.0,images/66_20.jpg
3219.0,3.0,3.0,2.0,images/66_21.jpg
2265.0,2.0,2.5,1.0,images/66_22.jpg
5195.0,5.0,4.5,2.0,images/66_23.jpg
1621.0,3.0,2.0,1.0,images/66_24.jpg
3665.0,3.0,3.5,1.0,images/66_25.jpg
8077.0,4.0,4.0,1.0,images/66_26.jpg
3982.0,5.0,4.5,2.0,images/66_27.jpg
2690.0,4.0,3.0,1.0,images/66_28.jpg
2779.0,4.0,3.5,2.0,images/66_29.jpg
2232.0,3.0,3.0,1.0,images/66_30.jpg
1652.0,3.0,2.0,1.0,images/67_1.jpg
2486.0,3.0,2.5,1.0,images/67_2.jpg
2220.0,3.0,2.0,1.0,images/67_3.jpg
3776.0,3.0,3.5,1.0,images/67_4.jpg
2400.0,3.0,3.5,1.0,images/67_5.jpg
2030.0,3.0,2.0,1.0,images/67_6.jpg
2303.0,3.0,2.5,1.0,images/67_7.jpg
1843.0,4.0,2.0,1.0,images/67_8.jpg
1879.0,3.0,2.0,1.0,images/67_9.jpg
928.0,2.0,2.0,1.0,images/67_10.jpg
988.0,2.0,2.0,1.0,images/67_11.jpg
1800.0,3.0,2.0,1.0,images/67_12.jpg
2373.0,4.0,2.5,1.0,images/67_13.jpg
1698.0,3.0,2.5,1.0,images/67_14.jpg
1260.0,2.0,2.0,1.0,images/67_15.jpg
1611.0,3.0,2.0,1.0,images/67_16.jpg
2235.0,3.0,2.5,1.0,images/67_17.jpg
926.0,2.0,2.0,1.0,images/67_18.jpg
1650.0,3.0,2.5,1.0,images/67_19.jpg
2686.0,4.0,2.5,1.0,images/67_20.jpg
2454.0,3.0,2.5,1.0,images/67_21.jpg
1232.0,2.0,2.0,1.0,images/67_22.jpg
768.0,1.0,1.0,1.0,images/67_23.jpg
924.0,2.0,1.0,1.0,images/67_24.jpg
1064.0,2.0,2.0,1.0,images/67_25.jpg
2030.0,3.0,2.0,1.0,images/67_26.jpg
1232.0,2.0,2.0,1.0,images/67_27.jpg
1416.0,3.0,2.0,1.0,images/67_28.jpg
1258.0,3.0,2.0,1.0,images/67_29.jpg
1880.0,4.0,2.5,1.0,images/67_30.jpg
890.0,2.0,1.0,1.0,images/68_1.jpg
2085.0,3.0,2.5,1.0,images/68_2.jpg
2588.0,3.0,2.5,1.0,images/68_3.jpg
2352.0,4.0,3.0,1.0,images/68_4.jpg
981.0,2.0,2.0,1.0,images/68_5.jpg
2000.0,3.0,2.5,1.0,images/68_6.jpg
1611.0,3.0,2.0,1.0,images/68_7.jpg
2290.0,3.0,2.5,1.0,images/68_8.jpg
1398.0,3.0,2.0,1.0,images/68_9.jpg
3086.0,4.0,3.5,1.0,images/68_10.jpg
1521.0,3.0,2.0,1.0,images/68_11.jpg
1035.0,3.0,2.0,1.0,images/68_12.jpg
1311.0,3.0,2.0,1.0,images/68_13.jpg
2526.0,3.0,2.5,2.0,images/68_14.jpg
3507.0,4.0,3.0,1.0,images/68_15.jpg
1800.0,3.0,2.0,1.0,images/68_16.jpg
1200.0,2.0,2.0,1.0,images/68_17.jpg
4298.0,4.0,4.5,2.0,images/68_18.jpg
1773.0,4.0,3.5,2.0,images/68_19.jpg
1005.0,2.0,1.5,2.0,images/68_20.jpg
1311.0,3.0,2.0,1.0,images/68_21.jpg
2063.0,4.0,2.5,1.0,images/68_22.jpg
1257.0,2.0,2.0,1.0,images/68_23.jpg
1738.0,3.0,2.5,2.0,images/68_24.jpg
2395.0,3.0,2.5,1.0,images/68_25.jpg
2789.0,4.0,3.5,1.0,images/68_26.jpg
2832.0,4.0,3.0,1.0,images/68_27.jpg
2010.0,4.0,3.0,2.0,images/68_28.jpg
2705.0,5.0,3.5,1.0,images/68_29.jpg
2781.0,3.0,2.5,1.0,images/68_30.jpg
2015.0,3.0,2.5,1.0,images/69_1.jpg
3599.0,4.0,4.5,1.0,images/69_2.jpg
3838.0,4.0,3.5,1.0,images/69_3.jpg
3366.0,4.0,3.5,1.0,images/69_4.jpg
1263.0,3.0,2.0,1.0,images/69_5.jpg
6079.0,5.0,6.0,2.0,images/69_6.jpg
4030.0,4.0,4.5,1.0,images/69_7.jpg
2034.0,3.0,2.0,1.0,images/69_8.jpg
3718.0,4.0,5.0,1.0,images/69_9.jpg
1276.0,3.0,2.0,1.0,images/69_10.jpg
1980.0,2.0,2.0,1.0,images/69_11.jpg
1868.0,3.0,2.5,1.0,images/69_12.jpg
1791.0,3.0,2.0,1.0,images/69_13.jpg
398.0,1.0,1.0,1.0,images/69_14.jpg
3790.0,4.0,4.5,1.0,images/69_15.jpg
1920.0,4.0,2.0,1.0,images/69_16.jpg
7174.0,8.0,6.5,2.0,images/69_17.jpg
2093.0,4.0,2.5,1.0,images/69_18.jpg
1879.0,3.0,2.0,2.0,images/69_19.jpg
2431.0,3.0,3.0,1.0,images/69_20.jpg
2780.0,3.0,3.0,1.0,images/69_21.jpg
2150.0,4.0,3.0,1.0,images/69_22.jpg
504.0,0.0,1.0,1.0,images/69_23.jpg
346.0,0.0,1.0,1.0,images/69_24.jpg
1161.0,2.0,2.0,1.0,images/69_25.jpg
1299.0,4.0,2.0,1.0,images/69_26.jpg
910.0,2.0,2.0,1.0,images/69_27.jpg
1650.0,4.0,2.0,1.0,images/69_28.jpg
1984.0,4.0,3.0,1.0,images/69_29.jpg
2367.0,4.0,3.0,1.0,images/69_30.jpg
2257.0,4.0,2.5,2.0,images/70_1.jpg
2085.0,3.0,2.5,1.0,images/70_2.jpg
2743.0,4.0,4.5,2.0,images/70_3.jpg
2588.0,3.0,2.5,1.0,images/70_4.jpg
2510.0,3.0,2.5,1.0,images/70_5.jpg
960.0,2.0,1.0,1.0,images/70_6.jpg
1285.0,2.0,2.0,1.0,images/70_7.jpg
2352.0,4.0,3.0,1.0,images/70_8.jpg
2039.0,3.0,2.0,1.0,images/70_9.jpg
2303.0,3.0,2.5,1.0,images/70_10.jpg
612.0,1.0,1.0,1.0,images/70_11.jpg
2400.0,4.0,3.5,1.0,images/70_12.jpg
2390.0,4.0,3.0,1.0,images/70_13.jpg
1448.0,2.0,2.0,1.0,images/70_14.jpg
2428.0,3.0,2.5,1.0,images/70_15.jpg
2235.0,4.0,3.0,2.0,images/70_16.jpg
1611.0,3.0,2.0,1.0,images/70_17.jpg
3952.0,4.0,4.0,2.0,images/70_18.jpg
1650.0,3.0,2.5,1.0,images/70_19.jpg
1599.0,3.0,2.5,1.0,images/70_20.jpg
1493.0,3.0,2.0,1.0,images/70_21.jpg
2686.0,4.0,2.5,1.0,images/70_22.jpg
2496.0,6.0,4.0,1.0,images/70_23.jpg
2084.0,3.0,2.5,2.0,images/70_24.jpg
1064.0,2.0,2.0,1.0,images/70_25.jpg
3152.0,5.0,3.5,1.0,images/70_26.jpg
1459.0,3.0,2.0,1.0,images/70_27.jpg
1956.0,3.0,2.5,1.0,images/70_28.jpg
525.0,1.0,1.0,2.0,images/70_29.jpg
1416.0,3.0,2.0,1.0,images/70_30.jpg
3498.0,4.0,3.5,2.0,images/71_1.jpg
1285.0,2.0,2.0,1.0,images/71_2.jpg
300.0,1.0,1.0,1.0,images/71_3.jpg
4754.0,4.0,3.5,2.0,images/71_4.jpg
3336.0,4.0,3.0,1.0,images/71_5.jpg
2365.0,4.0,3.0,2.0,images/71_6.jpg
3698.0,3.0,3.5,2.0,images/71_7.jpg
2250.0,3.0,2.5,2.0,images/71_8.jpg
757.0,2.0,1.0,1.0,images/71_9.jpg
1733.0,2.0,2.0,1.0,images/71_10.jpg
2485.0,4.0,3.0,1.0,images/71_11.jpg
2821.0,3.0,2.5,1.0,images/71_12.jpg
7632.0,5.0,6.5,2.0,images/71_13.jpg
3539.0,4.0,3.5,2.0,images/71_14.jpg
2454.0,4.0,3.0,2.0,images/71_15.jpg
2545.0,4.0,3.0,1.0,images/71_16.jpg
2168.0,3.0,2.0,1.0,images/71_17.jpg
3747.0,4.0,3.5,2.0,images/71_18.jpg
922.0,3.0,1.0,2.0,images/71_19.jpg
3213.0,4.0,3.5,2.0,images/71_20.jpg
2959.0,4.0,3.0,1.0,images/71_21.jpg
3708.0,3.0,2.0,1.0,images/71_22.jpg
960.0,1.0,1.0,1.0,images/71_23.jpg
3602.0,5.0,4.0,2.0,images/71_24.jpg
9772.0,6.0,7.5,2.0,images/71_25.jpg
2526.0,4.0,3.0,1.0,images/71_26.jpg
3134.0,4.0,3.0,2.0,images/71_27.jpg
3210.0,4.0,3.0,2.0,images/71_28.jpg
4934.0,4.0,4.0,2.0,images/71_29.jpg
2552.0,4.0,3.5,2.0,images/71_30.jpg
3574.0,4.0,4.5,2.0,images/72_1.jpg
4826.0,5.0,6.0,2.0,images/72_2.jpg
4898.0,5.0,5.5,3.0,images/72_3.jpg
2772.0,4.0,3.5,2.0,images/72_4.jpg
11000.0,5.0,5.0,3.0,images/72_5.jpg
2518.0,4.0,3.0,2.0,images/72_6.jpg
1677.0,3.0,2.0,1.0,images/72_7.jpg
2056.0,4.0,2.5,3.0,images/72_8.jpg
3131.0,4.0,3.5,2.0,images/72_9.jpg
1953.0,3.0,2.5,2.0,images/72_10.jpg
1936.0,3.0,2.5,2.0,images/72_11.jpg
1516.0,3.0,2.0,1.0,images/72_12.jpg
4038.0,4.0,3.5,2.0,images/72_13.jpg
2265.0,4.0,3.5,2.0,images/72_14.jpg
1159.0,3.0,1.0,1.0,images/72_15.jpg
2071.0,3.0,2.5,2.0,images/72_16.jpg
2632.0,4.0,2.5,2.0,images/72_17.jpg
1924.0,3.0,2.5,2.0,images/72_18.jpg
2340.0,3.0,2.5,2.0,images/72_19.jpg
2448.0,4.0,2.5,2.0,images/72_20.jpg
1737.0,4.0,3.0,2.0,images/72_21.jpg
2898.0,4.0,3.0,2.0,images/72_22.jpg
1991.0,3.0,2.5,1.0,images/72_23.jpg
1197.0,3.0,2.5,2.0,images/72_24.jpg
840.0,1.0,1.0,1.0,images/72_25.jpg
1653.0,3.0,1.5,2.0,images/72_26.jpg
1558.0,3.0,2.5,2.0,images/72_27.jpg
3435.0,4.0,4.5,2.0,images/72_28.jpg
2406.0,3.0,3.0,2.0,images/72_29.jpg
2224.0,4.0,3.0,2.0,images/72_30.jpg
2578.0,4.0,3.5,1.0,images/73_1.jpg
784.0,1.0,1.0,1.0,images/73_2.jpg
2085.0,3.0,2.5,1.0,images/73_3.jpg
1742.0,3.0,2.5,1.0,images/73_4.jpg
2486.0,3.0,2.5,1.0,images/73_5.jpg
2743.0,4.0,4.5,2.0,images/73_6.jpg
2588.0,3.0,2.5,1.0,images/73_7.jpg
2220.0,3.0,2.0,1.0,images/73_8.jpg
2510.0,3.0,2.5,1.0,images/73_9.jpg
960.0,2.0,1.0,1.0,images/73_10.jpg
2358.0,3.0,2.5,1.0,images/73_11.jpg
2352.0,4.0,3.0,1.0,images/73_12.jpg
2765.0,3.0,2.5,2.0,images/73_13.jpg
2039.0,3.0,2.0,1.0,images/73_14.jpg
2400.0,3.0,3.5,1.0,images/73_15.jpg
2030.0,3.0,2.0,1.0,images/73_16.jpg
2303.0,3.0,2.5,1.0,images/73_17.jpg
612.0,1.0,1.0,1.0,images/73_18.jpg
2400.0,4.0,3.5,1.0,images/73_19.jpg
1817.0,3.0,2.0,1.0,images/73_20.jpg
1924.0,3.0,2.5,1.0,images/73_21.jpg
2326.0,4.0,2.5,1.0,images/73_22.jpg
3127.0,4.0,3.5,1.0,images/73_23.jpg
1843.0,4.0,2.0,1.0,images/73_24.jpg
1486.0,3.0,2.0,1.0,images/73_25.jpg
928.0,2.0,2.0,1.0,images/73_26.jpg
988.0,2.0,2.0,1.0,images/73_27.jpg
988.0,2.0,2.0,1.0,images/73_28.jpg
1800.0,3.0,2.0,1.0,images/73_29.jpg
2373.0,4.0,2.5,1.0,images/73_30.jpg
3041.0,3.0,2.5,2.0,images/74_1.jpg
784.0,1.0,1.0,1.0,images/74_2.jpg
2486.0,3.0,2.5,1.0,images/74_3.jpg
2220.0,3.0,2.0,1.0,images/74_4.jpg
3776.0,3.0,3.5,1.0,images/74_5.jpg
2765.0,3.0,2.5,2.0,images/74_6.jpg
2039.0,3.0,2.0,1.0,images/74_7.jpg
2400.0,3.0,3.5,1.0,images/74_8.jpg
2030.0,3.0,2.0,1.0,images/74_9.jpg
612.0,1.0,1.0,1.0,images/74_10.jpg
1800.0,3.0,2.0,1.0,images/74_11.jpg
2000.0,3.0,2.5,1.0,images/74_12.jpg
2235.0,4.0,3.0,2.0,images/74_13.jpg
1260.0,2.0,2.0,1.0,images/74_14.jpg
2016.0,3.0,2.5,1.0,images/74_15.jpg
3374.0,3.0,3.5,2.0,images/74_16.jpg
2084.0,3.0,2.5,2.0,images/74_17.jpg
924.0,2.0,1.0,1.0,images/74_18.jpg
525.0,1.0,1.0,2.0,images/74_19.jpg
2765.0,3.0,2.5,2.0,images/74_20.jpg
3399.0,3.0,3.0,2.0,images/74_21.jpg
1800.0,3.0,3.0,1.0,images/74_22.jpg
1596.0,3.0,2.0,1.0,images/74_23.jpg
1639.0,3.0,2.0,1.0,images/74_24.jpg
2693.0,3.0,2.5,2.0,images/74_25.jpg
2250.0,3.0,2.5,2.0,images/74_26.jpg
2168.0,3.0,2.5,1.0,images/74_27.jpg
2311.0,3.0,2.5,2.0,images/74_28.jpg
896.0,2.0,1.0,1.0,images/74_29.jpg
2000.0,4.0,3.0,1.0,images/74_30.jpg
2431.0,3.0,2.5,1.0,images/75_1.jpg
1742.0,3.0,2.5,1.0,images/75_2.jpg
2588.0,3.0,2.5,1.0,images/75_3.jpg
2220.0,3.0,2.0,1.0,images/75_4.jpg
2358.0,3.0,2.5,1.0,images/75_5.jpg
2352.0,4.0,3.0,1.0,images/75_6.jpg
2030.0,3.0,2.0,1.0,images/75_7.jpg
2400.0,4.0,3.5,1.0,images/75_8.jpg
1817.0,3.0,2.0,1.0,images/75_9.jpg
1924.0,3.0,2.5,1.0,images/75_10.jpg
1486.0,3.0,2.0,1.0,images/75_11.jpg
928.0,2.0,2.0,1.0,images/75_12.jpg
988.0,2.0,2.0,1.0,images/75_13.jpg
988.0,2.0,2.0,1.0,images/75_14.jpg
1800.0,3.0,2.0,1.0,images/75_15.jpg
2373.0,4.0,2.5,1.0,images/75_16.jpg
2390.0,4.0,3.0,1.0,images/75_17.jpg
1254.0,2.0,2.0,1.0,images/75_18.jpg
1448.0,2.0,2.0,1.0,images/75_19.jpg
981.0,2.0,2.0,1.0,images/75_20.jpg
1260.0,2.0,2.0,1.0,images/75_21.jpg
1611.0,3.0,2.0,1.0,images/75_22.jpg
1599.0,3.0,2.5,1.0,images/75_23.jpg
1493.0,3.0,2.0,1.0,images/75_24.jpg
2016.0,3.0,2.5,1.0,images/75_25.jpg
2686.0,4.0,2.5,1.0,images/75_26.jpg
2496.0,6.0,4.0,1.0,images/75_27.jpg
2290.0,3.0,2.5,1.0,images/75_28.jpg
1398.0,3.0,2.0,1.0,images/75_29.jpg
2454.0,3.0,2.5,1.0,images/75_30.jpg
1131.0,3.0,2.0,1.0,images/76_1.jpg
2373.0,4.0,2.5,1.0,images/76_2.jpg
2235.0,3.0,2.5,1.0,images/76_3.jpg
1200.0,2.0,2.0,1.0,images/76_4.jpg
800.0,2.0,1.0,1.0,images/76_5.jpg
3638.0,3.0,3.5,1.0,images/76_6.jpg
1872.0,3.0,2.0,1.0,images/76_7.jpg
1731.0,3.0,2.0,1.0,images/76_8.jpg
860.0,2.0,2.0,1.0,images/76_9.jpg
1639.0,3.0,2.0,1.0,images/76_10.jpg
3083.0,3.0,3.5,1.0,images/76_11.jpg
2557.0,3.0,2.5,1.0,images/76_12.jpg
2448.0,4.0,3.0,1.0,images/76_13.jpg
1800.0,3.0,2.0,1.0,images/76_14.jpg
640.0,1.0,1.0,1.0,images/76_15.jpg
287.0,1.0,1.0,1.0,images/76_16.jpg
2684.0,3.0,3.0,1.0,images/76_17.jpg
312.0,1.0,1.0,1.0,images/76_18.jpg
935.0,2.0,1.0,1.0,images/76_19.jpg
2206.0,3.0,2.5,1.0,images/76_20.jpg
2557.0,3.0,2.5,1.0,images/76_21.jpg
991.0,2.0,2.0,1.0,images/76_22.jpg
1323.0,2.0,2.0,1.0,images/76_23.jpg
1922.0,3.0,2.0,1.0,images/76_24.jpg
640.0,1.0,1.0,1.0,images/76_25.jpg
880.0,2.0,1.0,1.0,images/76_26.jpg
784.0,3.0,1.0,1.0,images/76_27.jpg
870.0,2.0,2.0,1.0,images/76_28.jpg
629.0,2.0,1.0,1.0,images/76_29.jpg
1508.0,2.0,2.0,1.0,images/76_30.jpg
3041.0,3.0,2.5,2.0,images/77_1.jpg
784.0,1.0,1.0,1.0,images/77_2.jpg
2486.0,3.0,2.5,1.0,images/77_3.jpg
2220.0,3.0,2.0,1.0,images/77_4.jpg
3776.0,3.0,3.5,1.0,images/77_5.jpg
2765.0,3.0,2.5,2.0,images/77_6.jpg
2039.0,3.0,2.0,1.0,images/77_7.jpg
2400.0,3.0,3.5,1.0,images/77_8.jpg
2030.0,3.0,2.0,1.0,images/77_9.jpg
612.0,1.0,1.0,1.0,images/77_10.jpg
1800.0,3.0,2.0,1.0,images/77_11.jpg
2000.0,3.0,2.5,1.0,images/77_12.jpg
2235.0,4.0,3.0,2.0,images/77_13.jpg
1260.0,2.0,2.0,1.0,images/77_14.jpg
2016.0,3.0,2.5,1.0,images/77_15.jpg
3374.0,3.0,3.5,2.0,images/77_16.jpg
2084.0,3.0,2.5,2.0,images/77_17.jpg
924.0,2.0,1.0,1.0,images/77_18.jpg
525.0,1.0,1.0,2.0,images/77_19.jpg
2765.0,3.0,2.5,2.0,images/77_20.jpg
3399.0,3.0,3.0,2.0,images/77_21.jpg
1800.0,3.0,3.0,1.0,images/77_22.jpg
1596.0,3.0,2.0,1.0,images/77_23.jpg
1639.0,3.0,2.0,1.0,images/77_24.jpg
2693.0,3.0,2.5,2.0,images/77_25.jpg
2250.0,3.0,2.5,2.0,images/77_26.jpg
2168.0,3.0,2.5,1.0,images/77_27.jpg
2311.0,3.0,2.5,2.0,images/77_28.jpg
896.0,2.0,1.0,1.0,images/77_29.jpg
2000.0,4.0,3.0,1.0,images/77_30.jpg
2894.0,4.0,3.5,3.0,images/78_1.jpg
3595.0,3.0,4.5,3.0,images/78_2.jpg
1105.0,2.0,2.0,1.0,images/78_3.jpg
3105.0,4.0,3.0,2.0,images/78_4.jpg
856.0,2.0,1.0,1.0,images/78_5.jpg
2810.0,4.0,3.0,4.0,images/78_6.jpg
6182.0,5.0,5.5,2.0,images/78_7.jpg
1024.0,1.0,1.5,1.0,images/78_8.jpg
1011.0,2.0,2.0,2.0,images/78_9.jpg
1011.0,2.0,2.0,2.0,images/78_10.jpg
4159.0,4.0,4.5,2.0,images/78_11.jpg
896.0,1.0,1.5,1.0,images/78_12.jpg
576.0,1.0,1.0,1.0,images/78_13.jpg
935.0,2.0,1.0,1.0,images/78_14.jpg
1267.0,2.0,2.0,2.0,images/78_15.jpg
991.0,2.0,2.0,1.0,images/78_16.jpg
3310.0,4.0,3.5,2.0,images/78_17.jpg
1697.0,3.0,2.0,1.0,images/78_18.jpg
799.0,1.0,1.5,1.0,images/78_19.jpg
1410.0,3.0,2.0,2.0,images/78_20.jpg
2543.0,4.0,3.0,2.0,images/78_21.jpg
2483.0,4.0,3.0,2.0,images/78_22.jpg
2493.0,4.0,4.5,2.0,images/78_23.jpg
2184.0,3.0,2.0,2.0,images/78_24.jpg
954.0,2.0,1.0,1.0,images/78_25.jpg
2386.0,4.0,3.0,1.0,images/78_26.jpg
816.0,1.0,1.0,1.0,images/78_27.jpg
1249.0,3.0,2.0,2.0,images/78_28.jpg
796.0,1.0,1.0,1.0,images/78_29.jpg
1697.0,3.0,2.0,2.0,images/78_30.jpg
1879.0,3.0,2.0,1.0,images/79_1.jpg
1642.0,3.0,2.5,1.0,images/79_2.jpg
1200.0,3.0,2.0,1.0,images/79_3.jpg
624.0,1.0,1.0,1.0,images/79_4.jpg
2234.0,3.0,2.5,1.0,images/79_5.jpg
1473.0,3.0,2.0,1.0,images/79_6.jpg
1788.0,3.0,2.0,1.0,images/79_7.jpg
2073.0,3.0,2.5,1.0,images/79_8.jpg
1374.0,3.0,2.0,2.0,images/79_9.jpg
1024.0,1.0,1.5,1.0,images/79_10.jpg
1749.0,3.0,2.0,1.0,images/79_11.jpg
2988.0,4.0,3.0,2.0,images/79_12.jpg
1914.0,3.0,2.0,1.0,images/79_13.jpg
691.0,2.0,1.0,1.0,images/79_14.jpg
1451.0,3.0,2.0,1.0,images/79_15.jpg
1428.0,3.0,2.0,1.0,images/79_16.jpg
2296.0,3.0,3.0,2.0,images/79_17.jpg
999.0,2.0,2.0,1.0,images/79_18.jpg
3797.0,4.0,3.5,2.0,images/79_19.jpg
1697.0,3.0,2.0,1.0,images/79_20.jpg
788.0,1.0,1.0,1.0,images/79_21.jpg
3742.0,4.0,4.0,2.0,images/79_22.jpg
1440.0,2.0,2.0,1.0,images/79_23.jpg
1947.0,4.0,2.5,1.0,images/79_24.jpg
680.0,1.0,1.0,2.0,images/79_25.jpg
1657.0,3.0,2.0,1.0,images/79_26.jpg
1628.0,3.0,2.0,1.0,images/79_27.jpg
2590.0,3.0,3.0,2.0,images/79_28.jpg
640.0,1.0,1.0,2.0,images/79_29.jpg
930.0,2.0,2.0,1.0,images/79_30.jpg
1230.0,3.0,2.0,1.0,images/80_1.jpg
1679.0,2.0,2.0,1.0,images/80_2.jpg
1200.0,2.0,2.0,1.0,images/80_3.jpg
768.0,1.0,1.0,1.0,images/80_4.jpg
624.0,1.0,1.0,1.0,images/80_5.jpg
384.0,1.0,1.0,1.0,images/80_6.jpg
2234.0,3.0,2.5,1.0,images/80_7.jpg
2268.0,3.0,2.0,1.0,images/80_8.jpg
1479.0,3.0,2.0,2.0,images/80_9.jpg
1727.0,2.0,2.0,2.0,images/80_10.jpg
1770.0,3.0,2.5,2.0,images/80_11.jpg
522.0,1.0,1.0,2.0,images/80_12.jpg
1277.0,3.0,2.0,1.0,images/80_13.jpg
1966.0,4.0,3.0,2.0,images/80_14.jpg
1143.0,2.0,1.0,1.0,images/80_15.jpg
900.0,2.0,1.0,1.0,images/80_16.jpg
1599.0,2.0,2.0,2.0,images/80_17.jpg
1374.0,3.0,2.0,2.0,images/80_18.jpg
640.0,1.0,1.0,1.0,images/80_19.jpg
761.0,2.0,1.0,2.0,images/80_20.jpg
1011.0,2.0,2.0,2.0,images/80_21.jpg
2662.0,3.0,3.0,2.0,images/80_22.jpg
1011.0,2.0,2.0,2.0,images/80_23.jpg
1400.0,2.0,2.0,2.0,images/80_24.jpg
896.0,1.0,1.5,1.0,images/80_25.jpg
600.0,1.0,1.0,1.0,images/80_26.jpg
935.0,2.0,1.0,1.0,images/80_27.jpg
1162.0,2.0,2.0,1.0,images/80_28.jpg
598.0,1.0,1.0,1.0,images/80_29.jpg
480.0,2.0,1.0,1.0,images/80_30.jpg
9360.0,6.0,6.5,2.0,images/81_1.jpg
2191.0,3.0,2.5,1.0,images/81_2.jpg
8210.0,6.0,7.5,2.0,images/81_3.jpg
5564.0,4.0,5.5,2.0,images/81_4.jpg
10735.0,5.0,6.0,2.0,images/81_5.jpg
2523.0,4.0,3.0,2.0,images/81_6.jpg
5699.0,5.0,7.0,2.0,images/81_7.jpg
2502.0,4.0,3.5,2.0,images/81_8.jpg
2551.0,4.0,3.5,2.0,images/81_9.jpg
3265.0,4.0,3.5,3.0,images/81_10.jpg
1640.0,3.0,2.0,1.0,images/81_11.jpg
4327.0,4.0,3.5,2.0,images/81_12.jpg
3136.0,4.0,3.5,1.0,images/81_13.jpg
1895.0,4.0,2.5,2.0,images/81_14.jpg
768.0,2.0,1.0,1.0,images/81_15.jpg
2898.0,4.0,3.0,2.0,images/81_16.jpg
1990.0,3.0,2.0,1.0,images/81_17.jpg
643.0,1.0,2.0,2.0,images/81_18.jpg
4417.0,4.0,4.5,2.0,images/81_19.jpg
4969.0,3.0,3.5,2.0,images/81_20.jpg
3618.0,4.0,4.0,2.0,images/81_21.jpg
1172.0,2.0,2.0,1.0,images/81_22.jpg
3270.0,4.0,3.5,2.0,images/81_23.jpg
1649.0,3.0,2.5,1.0,images/81_24.jpg
2099.0,5.0,2.5,2.0,images/81_25.jpg
2141.0,4.0,2.5,2.0,images/81_26.jpg
2379.0,3.0,2.5,1.0,images/81_27.jpg
1320.0,3.0,2.0,1.0,images/81_28.jpg
1486.0,3.0,2.5,2.0,images/81_29.jpg
3869.0,4.0,3.5,2.0,images/81_30.jpg
2510.0,3.0,2.5,1.0,images/82_1.jpg
4298.0,4.0,4.5,2.0,images/82_2.jpg
741.0,1.0,1.0,2.0,images/82_3.jpg
11000.0,5.0,5.0,3.0,images/82_4.jpg
9360.0,6.0,6.5,2.0,images/82_5.jpg
3206.0,6.0,3.0,2.0,images/82_6.jpg
4903.0,4.0,5.0,2.0,images/82_7.jpg
880.0,1.0,2.0,2.0,images/82_8.jpg
5739.0,5.0,5.5,1.0,images/82_9.jpg
2631.0,4.0,3.0,2.0,images/82_10.jpg
5564.0,4.0,5.5,2.0,images/82_11.jpg
2566.0,4.0,3.0,2.0,images/82_12.jpg
4724.0,5.0,4.5,2.0,images/82_13.jpg
1872.0,3.0,3.0,2.0,images/82_14.jpg
10735.0,5.0,6.0,2.0,images/82_15.jpg
4943.0,4.0,4.5,2.0,images/82_16.jpg
2400.0,3.0,2.5,2.0,images/82_17.jpg
3414.0,3.0,3.5,2.0,images/82_18.jpg
2148.0,4.0,2.5,2.0,images/82_19.jpg
3359.0,4.0,3.5,2.0,images/82_20.jpg
2557.0,3.0,3.5,2.0,images/82_21.jpg
3664.0,4.0,4.0,2.0,images/82_22.jpg
1640.0,3.0,2.0,1.0,images/82_23.jpg
1476.0,3.0,2.0,1.0,images/82_24.jpg
2400.0,4.0,3.5,2.0,images/82_25.jpg
1775.0,3.0,2.5,2.0,images/82_26.jpg
909.0,1.0,1.5,2.0,images/82_27.jpg
1730.0,4.0,2.5,2.0,images/82_28.jpg
1385.0,3.0,2.0,1.0,images/82_29.jpg
2825.0,4.0,3.5,2.0,images/82_30.jpg
3345.0,3.0,3.5,2.0,images/83_1.jpg
3458.0,4.0,4.5,3.0,images/83_2.jpg
3776.0,3.0,3.5,1.0,images/83_3.jpg
1679.0,2.0,2.0,1.0,images/83_4.jpg
3595.0,3.0,4.5,3.0,images/83_5.jpg
2235.0,3.0,2.5,1.0,images/83_6.jpg
1200.0,2.0,2.0,1.0,images/83_7.jpg
1509.0,3.0,2.0,2.0,images/83_8.jpg
926.0,2.0,2.0,1.0,images/83_9.jpg
1576.0,3.0,2.0,2.0,images/83_10.jpg
3374.0,3.0,3.5,2.0,images/83_11.jpg
2287.0,3.0,3.0,2.0,images/83_12.jpg
1105.0,2.0,2.0,1.0,images/83_13.jpg
2827.0,3.0,3.0,2.0,images/83_14.jpg
3164.0,4.0,2.5,2.0,images/83_15.jpg
3638.0,3.0,3.5,1.0,images/83_16.jpg
3105.0,4.0,3.0,2.0,images/83_17.jpg
1212.0,2.0,1.0,1.0,images/83_18.jpg
3224.0,6.0,4.5,2.0,images/83_19.jpg
2358.0,3.0,2.5,1.0,images/83_20.jpg
1913.0,3.0,2.0,1.0,images/83_21.jpg
1731.0,3.0,2.0,1.0,images/83_22.jpg
1131.0,3.0,2.0,1.0,images/83_23.jpg
1639.0,3.0,2.0,1.0,images/83_24.jpg
3083.0,3.0,3.5,1.0,images/83_25.jpg
2250.0,3.0,2.5,2.0,images/83_26.jpg
985.0,2.0,2.0,2.0,images/83_27.jpg
2268.0,3.0,2.0,1.0,images/83_28.jpg
1552.0,3.0,2.0,1.0,images/83_29.jpg
1373.0,3.0,2.0,1.0,images/83_30.jpg
1616.0,2.0,2.0,2.0,images/84_1.jpg
1742.0,3.0,2.5,1.0,images/84_2.jpg
2743.0,4.0,4.5,2.0,images/84_3.jpg
2510.0,3.0,2.5,1.0,images/84_4.jpg
1285.0,2.0,2.0,1.0,images/84_5.jpg
1486.0,3.0,2.0,1.0,images/84_6.jpg
928.0,2.0,2.0,1.0,images/84_7.jpg
988.0,2.0,2.0,1.0,images/84_8.jpg
1254.0,2.0,2.0,1.0,images/84_9.jpg
926.0,2.0,2.0,1.0,images/84_10.jpg
2016.0,3.0,2.5,1.0,images/84_11.jpg
800.0,2.0,1.0,1.0,images/84_12.jpg
1500.0,3.0,2.0,1.0,images/84_13.jpg
1300.0,3.0,2.0,1.0,images/84_14.jpg
1425.0,3.0,2.0,1.0,images/84_15.jpg
1764.0,4.0,2.0,1.0,images/84_16.jpg
1212.0,2.0,1.0,1.0,images/84_17.jpg
618.0,1.0,1.0,2.0,images/84_18.jpg
4658.0,6.0,4.5,2.0,images/84_19.jpg
2526.0,3.0,2.5,2.0,images/84_20.jpg
1200.0,3.0,2.0,1.0,images/84_21.jpg
1732.0,4.0,2.5,1.0,images/84_22.jpg
856.0,2.0,1.0,1.0,images/84_23.jpg
624.0,1.0,1.0,1.0,images/84_24.jpg
1257.0,2.0,2.0,1.0,images/84_25.jpg
736.0,2.0,1.0,1.0,images/84_26.jpg
872.0,1.0,1.5,1.0,images/84_27.jpg
1450.0,3.0,2.0,1.0,images/84_28.jpg
1302.0,3.0,2.0,2.0,images/84_29.jpg
1738.0,3.0,2.5,2.0,images/84_30.jpg
1908.0,3.0,2.5,2.0,images/85_1.jpg
784.0,1.0,1.0,1.0,images/85_2.jpg
2085.0,3.0,2.5,1.0,images/85_3.jpg
1742.0,3.0,2.5,1.0,images/85_4.jpg
2486.0,3.0,2.5,1.0,images/85_5.jpg
2743.0,4.0,4.5,2.0,images/85_6.jpg
2220.0,3.0,2.0,1.0,images/85_7.jpg
1769.0,3.0,2.0,1.0,images/85_8.jpg
3776.0,3.0,3.5,1.0,images/85_9.jpg
2358.0,3.0,2.5,1.0,images/85_10.jpg
2765.0,3.0,2.5,2.0,images/85_11.jpg
2400.0,3.0,3.5,1.0,images/85_12.jpg
1679.0,2.0,2.0,1.0,images/85_13.jpg
612.0,1.0,1.0,1.0,images/85_14.jpg
2400.0,4.0,3.5,1.0,images/85_15.jpg
1924.0,3.0,2.5,1.0,images/85_16.jpg
2326.0,4.0,2.5,1.0,images/85_17.jpg
3127.0,4.0,3.5,1.0,images/85_18.jpg
1843.0,4.0,2.0,1.0,images/85_19.jpg
988.0,2.0,2.0,1.0,images/85_20.jpg
1800.0,3.0,2.0,1.0,images/85_21.jpg
2390.0,4.0,3.0,1.0,images/85_22.jpg
1254.0,2.0,2.0,1.0,images/85_23.jpg
1448.0,2.0,2.0,1.0,images/85_24.jpg
2428.0,3.0,2.5,1.0,images/85_25.jpg
981.0,2.0,2.0,1.0,images/85_26.jpg
2000.0,3.0,2.5,1.0,images/85_27.jpg
2235.0,4.0,3.0,2.0,images/85_28.jpg
1260.0,2.0,2.0,1.0,images/85_29.jpg
1611.0,3.0,2.0,1.0,images/85_30.jpg
3458.0,4.0,4.5,3.0,images/86_1.jpg
960.0,2.0,1.0,1.0,images/86_2.jpg
1769.0,3.0,2.0,1.0,images/86_3.jpg
2358.0,3.0,2.5,1.0,images/86_4.jpg
2765.0,3.0,2.5,2.0,images/86_5.jpg
2039.0,3.0,2.0,1.0,images/86_6.jpg
2030.0,3.0,2.0,1.0,images/86_7.jpg
2303.0,3.0,2.5,1.0,images/86_8.jpg
2400.0,4.0,3.5,1.0,images/86_9.jpg
1817.0,3.0,2.0,1.0,images/86_10.jpg
1843.0,4.0,2.0,1.0,images/86_11.jpg
1421.0,3.0,2.0,1.0,images/86_12.jpg
1879.0,3.0,2.0,1.0,images/86_13.jpg
928.0,2.0,2.0,1.0,images/86_14.jpg
988.0,2.0,2.0,1.0,images/86_15.jpg
988.0,2.0,2.0,1.0,images/86_16.jpg
1254.0,2.0,2.0,1.0,images/86_17.jpg
2428.0,3.0,2.5,1.0,images/86_18.jpg
1698.0,3.0,2.5,1.0,images/86_19.jpg
981.0,2.0,2.0,1.0,images/86_20.jpg
2016.0,3.0,2.5,1.0,images/86_21.jpg
1232.0,2.0,2.0,1.0,images/86_22.jpg
1956.0,3.0,2.5,1.0,images/86_23.jpg
2030.0,3.0,2.0,1.0,images/86_24.jpg
2230.0,3.0,2.5,1.0,images/86_25.jpg
1897.0,4.0,2.0,1.0,images/86_26.jpg
1232.0,2.0,2.0,1.0,images/86_27.jpg
1258.0,3.0,2.0,1.0,images/86_28.jpg
2765.0,3.0,2.5,2.0,images/86_29.jpg
1425.0,3.0,2.0,1.0,images/86_30.jpg
3359.0,3.0,4.0,2.0,images/87_1.jpg
5051.0,4.0,4.5,2.0,images/87_2.jpg
1285.0,2.0,2.0,1.0,images/87_3.jpg
3595.0,3.0,4.5,3.0,images/87_4.jpg
3127.0,4.0,3.5,1.0,images/87_5.jpg
2373.0,4.0,2.5,1.0,images/87_6.jpg
2578.0,4.0,3.0,1.0,images/87_7.jpg
1884.0,3.0,2.0,1.0,images/87_8.jpg
1800.0,3.0,2.5,1.0,images/87_9.jpg
1356.0,3.0,2.5,2.0,images/87_10.jpg
3692.0,5.0,5.0,2.0,images/87_11.jpg
3647.0,3.0,3.5,2.0,images/87_12.jpg
3214.0,3.0,3.5,1.0,images/87_13.jpg
3048.0,4.0,4.0,1.0,images/87_14.jpg
2789.0,4.0,3.5,1.0,images/87_15.jpg
3122.0,3.0,3.5,1.0,images/87_16.jpg
3340.0,4.0,4.5,1.0,images/87_17.jpg
1798.0,4.0,2.0,1.0,images/87_18.jpg
3176.0,4.0,3.5,1.0,images/87_19.jpg
300.0,1.0,1.0,1.0,images/87_20.jpg
11672.0,6.0,7.5,3.0,images/87_21.jpg
6860.0,4.0,5.0,2.0,images/87_22.jpg
2469.0,4.0,3.0,2.0,images/87_23.jpg
4754.0,4.0,3.5,2.0,images/87_24.jpg
1162.0,2.0,2.0,1.0,images/87_25.jpg
6554.0,4.0,4.5,1.0,images/87_26.jpg
3310.0,4.0,3.5,2.0,images/87_27.jpg
3487.0,4.0,2.5,2.0,images/87_28.jpg
3704.0,4.0,4.5,1.0,images/87_29.jpg
5739.0,5.0,5.5,1.0,images/87_30.jpg
2578.0,4.0,3.5,1.0,images/88_1.jpg
784.0,1.0,1.0,1.0,images/88_2.jpg
2085.0,3.0,2.5,1.0,images/88_3.jpg
1742.0,3.0,2.5,1.0,images/88_4.jpg
2486.0,3.0,2.5,1.0,images/88_5.jpg
2743.0,4.0,4.5,2.0,images/88_6.jpg
2588.0,3.0,2.5,1.0,images/88_7.jpg
2220.0,3.0,2.0,1.0,images/88_8.jpg
2510.0,3.0,2.5,1.0,images/88_9.jpg
960.0,2.0,1.0,1.0,images/88_10.jpg
2358.0,3.0,2.5,1.0,images/88_11.jpg
2352.0,4.0,3.0,1.0,images/88_12.jpg
2765.0,3.0,2.5,2.0,images/88_13.jpg
2039.0,3.0,2.0,1.0,images/88_14.jpg
2400.0,3.0,3.5,1.0,images/88_15.jpg
2030.0,3.0,2.0,1.0,images/88_16.jpg
2303.0,3.0,2.5,1.0,images/88_17.jpg
612.0,1.0,1.0,1.0,images/88_18.jpg
2400.0,4.0,3.5,1.0,images/88_19.jpg
1817.0,3.0,2.0,1.0,images/88_20.jpg
1924.0,3.0,2.5,1.0,images/88_21.jpg
2326.0,4.0,2.5,1.0,images/88_22.jpg
3127.0,4.0,3.5,1.0,images/88_23.jpg
1843.0,4.0,2.0,1.0,images/88_24.jpg
1486.0,3.0,2.0,1.0,images/88_25.jpg
928.0,2.0,2.0,1.0,images/88_26.jpg
988.0,2.0,2.0,1.0,images/88_27.jpg
988.0,2.0,2.0,1.0,images/88_28.jpg
1800.0,3.0,2.0,1.0,images/88_29.jpg
2373.0,4.0,2.5,1.0,images/88_30.jpg
2328.0,3.0,2.0,2.0,images/89_1.jpg
1285.0,2.0,2.0,3.0,images/89_2.jpg
950.0,1.0,1.0,2.0,images/89_3.jpg
5140.0,5.0,4.5,2.0,images/89_4.jpg
1338.0,2.0,2.0,2.0,images/89_5.jpg
360.0,1.0,1.0,1.0,images/89_6.jpg
3725.0,6.0,3.0,2.0,images/89_7.jpg
1509.0,2.0,2.0,2.0,images/89_8.jpg
4310.0,5.0,5.0,2.0,images/89_9.jpg
3670.0,6.0,5.0,2.0,images/89_10.jpg
4565.0,4.0,3.5,2.0,images/89_11.jpg
3725.0,4.0,3.0,2.0,images/89_12.jpg
2513.0,3.0,2.5,2.0,images/89_13.jpg
2281.0,3.0,2.5,2.0,images/89_14.jpg
1390.0,2.0,2.0,1.0,images/89_15.jpg
1568.0,2.0,2.5,2.0,images/89_16.jpg
1362.0,2.0,2.0,2.0,images/89_17.jpg
1427.0,2.0,2.0,2.0,images/89_18.jpg
3867.0,5.0,4.0,3.0,images/89_19.jpg
1601.0,3.0,2.0,2.0,images/89_20.jpg
2319.0,3.0,2.5,2.0,images/89_21.jpg
1512.0,3.0,2.0,1.0,images/89_22.jpg
2688.0,3.0,4.0,1.0,images/89_23.jpg
2053.0,2.0,2.0,2.0,images/89_24.jpg
1785.0,3.0,3.0,2.0,images/89_25.jpg
1040.0,1.0,1.0,2.0,images/89_26.jpg
2576.0,2.0,2.0,2.0,images/89_27.jpg
2057.0,3.0,3.0,2.0,images/89_28.jpg
1469.0,1.0,1.0,2.0,images/89_29.jpg
1485.0,3.0,3.0,2.0,images/89_30.jpg
4923.0,4.0,3.5,2.0,images/90_1.jpg
2191.0,3.0,2.5,1.0,images/90_2.jpg
3599.0,4.0,4.5,1.0,images/90_3.jpg
8364.0,6.0,6.0,3.0,images/90_4.jpg
6136.0,5.0,5.5,2.0,images/90_5.jpg
7395.0,6.0,7.5,2.0,images/90_6.jpg
3031.0,4.0,5.0,2.0,images/90_7.jpg
11672.0,6.0,7.5,3.0,images/90_8.jpg
6860.0,4.0,5.0,2.0,images/90_9.jpg
8001.0,5.0,5.5,2.0,images/90_10.jpg
2684.0,3.0,3.0,1.0,images/90_11.jpg
6079.0,5.0,6.0,2.0,images/90_12.jpg
6001.0,5.0,6.5,2.0,images/90_13.jpg
6554.0,4.0,4.5,1.0,images/90_14.jpg
4030.0,4.0,4.5,1.0,images/90_15.jpg
4428.0,5.0,5.0,2.0,images/90_16.jpg
4403.0,4.0,4.5,1.0,images/90_17.jpg
4167.0,4.0,5.5,2.0,images/90_18.jpg
2504.0,3.0,3.0,1.0,images/90_19.jpg
1920.0,4.0,2.0,1.0,images/90_20.jpg
2034.0,3.0,2.0,1.0,images/90_21.jpg
6045.0,5.0,5.5,2.0,images/90_22.jpg
3601.0,3.0,2.5,1.0,images/90_23.jpg
3718.0,4.0,5.0,1.0,images/90_24.jpg
5653.0,5.0,5.2,2.0,images/90_25.jpg
4730.0,4.0,4.5,2.0,images/90_26.jpg
3163.0,4.0,3.5,1.0,images/90_27.jpg
3585.0,5.0,4.0,2.0,images/90_28.jpg
3790.0,4.0,4.5,1.0,images/90_29.jpg
1920.0,4.0,2.0,1.0,images/90_30.jpg
4356.0,4.0,4.5,2.0,images/91_1.jpg
3458.0,4.0,4.5,3.0,images/91_2.jpg
1679.0,2.0,2.0,1.0,images/91_3.jpg
3595.0,3.0,4.5,3.0,images/91_4.jpg
2373.0,4.0,2.5,1.0,images/91_5.jpg
2235.0,3.0,2.5,1.0,images/91_6.jpg
1200.0,2.0,2.0,1.0,images/91_7.jpg
1509.0,3.0,2.0,2.0,images/91_8.jpg
926.0,2.0,2.0,1.0,images/91_9.jpg
1576.0,3.0,2.0,2.0,images/91_10.jpg
3374.0,3.0,3.5,2.0,images/91_11.jpg
800.0,2.0,1.0,1.0,images/91_12.jpg
2287.0,3.0,3.0,2.0,images/91_13.jpg
1105.0,2.0,2.0,1.0,images/91_14.jpg
1642.0,3.0,2.5,1.0,images/91_15.jpg
3638.0,3.0,3.5,1.0,images/91_16.jpg
1979.0,3.0,2.5,1.0,images/91_17.jpg
3105.0,4.0,3.0,2.0,images/91_18.jpg
618.0,1.0,1.0,2.0,images/91_19.jpg
1600.0,3.0,2.0,1.0,images/91_20.jpg
3224.0,6.0,4.5,2.0,images/91_21.jpg
1872.0,3.0,2.0,1.0,images/91_22.jpg
1913.0,3.0,2.0,1.0,images/91_23.jpg
1731.0,3.0,2.0,1.0,images/91_24.jpg
1131.0,3.0,2.0,1.0,images/91_25.jpg
860.0,2.0,2.0,1.0,images/91_26.jpg
3083.0,3.0,3.5,1.0,images/91_27.jpg
1953.0,2.0,2.5,2.0,images/91_28.jpg
985.0,2.0,2.0,2.0,images/91_29.jpg
2557.0,3.0,2.5,1.0,images/91_30.jpg
1922.0,3.0,2.0,1.0,images/92_1.jpg
1432.0,2.0,2.0,1.0,images/92_2.jpg
2476.0,3.0,3.5,1.0,images/92_3.jpg
3334.0,4.0,3.5,2.0,images/92_4.jpg
1525.0,3.0,2.0,1.0,images/92_5.jpg
2206.0,3.0,2.5,1.0,images/92_6.jpg
2557.0,3.0,2.5,1.0,images/92_7.jpg
6001.0,5.0,6.5,2.0,images/92_8.jpg
3742.0,4.0,4.0,2.0,images/92_9.jpg
4750.0,4.0,4.5,2.0,images/92_10.jpg
3345.0,3.0,3.5,2.0,images/92_11.jpg
10281.0,7.0,7.5,2.0,images/92_12.jpg
2175.0,3.0,2.5,1.0,images/92_13.jpg
4545.0,5.0,4.0,1.0,images/92_14.jpg
1927.0,3.0,3.0,2.0,images/92_15.jpg
2175.0,4.0,2.5,2.0,images/92_16.jpg
3738.0,4.0,4.5,2.0,images/92_17.jpg
3601.0,3.0,2.5,1.0,images/92_18.jpg
2764.0,3.0,3.0,1.0,images/92_19.jpg
4215.0,4.0,4.0,1.0,images/92_20.jpg
3219.0,3.0,3.0,2.0,images/92_21.jpg
2265.0,2.0,2.5,1.0,images/92_22.jpg
5195.0,5.0,4.5,2.0,images/92_23.jpg
1621.0,3.0,2.0,1.0,images/92_24.jpg
3665.0,3.0,3.5,1.0,images/92_25.jpg
8077.0,4.0,4.0,1.0,images/92_26.jpg
3982.0,5.0,4.5,2.0,images/92_27.jpg
2690.0,4.0,3.0,1.0,images/92_28.jpg
2779.0,4.0,3.5,2.0,images/92_29.jpg
2232.0,3.0,3.0,1.0,images/92_30.jpg
1652.0,3.0,2.0,1.0,images/93_1.jpg
2486.0,3.0,2.5,1.0,images/93_2.jpg
2220.0,3.0,2.0,1.0,images/93_3.jpg
3776.0,3.0,3.5,1.0,images/93_4.jpg
2400.0,3.0,3.5,1.0,images/93_5.jpg
2030.0,3.0,2.0,1.0,images/93_6.jpg
2303.0,3.0,2.5,1.0,images/93_7.jpg
1843.0,4.0,2.0,1.0,images/93_8.jpg
1879.0,3.0,2.0,1.0,images/93_9.jpg
928.0,2.0,2.0,1.0,images/93_10.jpg
988.0,2.0,2.0,1.0,images/93_11.jpg
1800.0,3.0,2.0,1.0,images/93_12.jpg
2373.0,4.0,2.5,1.0,images/93_13.jpg
1698.0,3.0,2.5,1.0,images/93_14.jpg
1260.0,2.0,2.0,1.0,images/93_15.jpg
1611.0,3.0,2.0,1.0,images/93_16.jpg
2235.0,3.0,2.5,1.0,images/93_17.jpg
926.0,2.0,2.0,1.0,images/93_18.jpg
1650.0,3.0,2.5,1.0,images/93_19.jpg
2686.0,4.0,2.5,1.0,images/93_20.jpg
2454.0,3.0,2.5,1.0,images/93_21.jpg
1232.0,2.0,2.0,1.0,images/93_22.jpg
768.0,1.0,1.0,1.0,images/93_23.jpg
924.0,2.0,1.0,1.0,images/93_24.jpg
1064.0,2.0,2.0,1.0,images/93_25.jpg
2030.0,3.0,2.0,1.0,images/93_26.jpg
1232.0,2.0,2.0,1.0,images/93_27.jpg
1416.0,3.0,2.0,1.0,images/93_28.jpg
1258.0,3.0,2.0,1.0,images/93_29.jpg
1880.0,4.0,2.5,1.0,images/93_30.jpg
890.0,2.0,1.0,1.0,images/94_1.jpg
2085.0,3.0,2.5,1.0,images/94_2.jpg
2588.0,3.0,2.5,1.0,images/94_3.jpg
2352.0,4.0,3.0,1.0,images/94_4.jpg
981.0,2.0,2.0,1.0,images/94_5.jpg
2000.0,3.0,2.5,1.0,images/94_6.jpg
1611.0,3.0,2.0,1.0,images/94_7.jpg
2290.0,3.0,2.5,1.0,images/94_8.jpg
1398.0,3.0,2.0,1.0,images/94_9.jpg
3086.0,4.0,3.5,1.0,images/94_10.jpg
1521.0,3.0,2.0,1.0,images/94_11.jpg
1035.0,3.0,2.0,1.0,images/94_12.jpg
1311.0,3.0,2.0,1.0,images/94_13.jpg
2526.0,3.0,2.5,2.0,images/94_14.jpg
3507.0,4.0,3.0,1.0,images/94_15.jpg
1800.0,3.0,2.0,1.0,images/94_16.jpg
1200.0,2.0,2.0,1.0,images/94_17.jpg
4298.0,4.0,4.5,2.0,images/94_18.jpg
1773.0,4.0,3.5,2.0,images/94_19.jpg
1005.0,2.0,1.5,2.0,images/94_20.jpg
1311.0,3.0,2.0,1.0,images/94_21.jpg
2063.0,4.0,2.5,1.0,images/94_22.jpg
1257.0,2.0,2.0,1.0,images/94_23.jpg
1738.0,3.0,2.5,2.0,images/94_24.jpg
2395.0,3.0,2.5,1.0,images/94_25.jpg
2789.0,4.0,3.5,1.0,images/94_26.jpg
2832.0,4.0,3.0,1.0,images/94_27.jpg
2010.0,4.0,3.0,2.0,images/94_28.jpg
2705.0,5.0,3.5,1.0,images/94_29.jpg
2781.0,3.0,2.5,1.0,images/94_30.jpg
2015.0,3.0,2.5,1.0,images/95_1.jpg
3599.0,4.0,4.5,1.0,images/95_2.jpg
3838.0,4.0,3.5,1.0,images/95_3.jpg
3366.0,4.0,3.5,1.0,images/95_4.jpg
1263.0,3.0,2.0,1.0,images/95_5.jpg
6079.0,5.0,6.0,2.0,images/95_6.jpg
4030.0,4.0,4.5,1.0,images/95_7.jpg
2034.0,3.0,2.0,1.0,images/95_8.jpg
3718.0,4.0,5.0,1.0,images/95_9.jpg
1276.0,3.0,2.0,1.0,images/95_10.jpg
1980.0,2.0,2.0,1.0,images/95_11.jpg
1868.0,3.0,2.5,1.0,images/95_12.jpg
1791.0,3.0,2.0,1.0,images/95_13.jpg
398.0,1.0,1.0,1.0,images/95_14.jpg
3790.0,4.0,4.5,1.0,images/95_15.jpg
1920.0,4.0,2.0,1.0,images/95_16.jpg
7174.0,8.0,6.5,2.0,images/95_17.jpg
2093.0,4.0,2.5,1.0,images/95_18.jpg
1879.0,3.0,2.0,2.0,images/95_19.jpg
2431.0,3.0,3.0,1.0,images/95_20.jpg
2780.0,3.0,3.0,1.0,images/95_21.jpg
2150.0,4.0,3.0,1.0,images/95_22.jpg
504.0,0.0,1.0,1.0,images/95_23.jpg
346.0,0.0,1.0,1.0,images/95_24.jpg
1161.0,2.0,2.0,1.0,images/95_25.jpg
1299.0,4.0,2.0,1.0,images/95_26.jpg
910.0,2.0,2.0,1.0,images/95_27.jpg
1650.0,4.0,2.0,1.0,images/95_28.jpg
1984.0,4.0,3.0,1.0,images/95_29.jpg
2367.0,4.0,3.0,1.0,images/95_30.jpg
2257.0,4.0,2.5,2.0,images/96_1.jpg
2085.0,3.0,2.5,1.0,images/96_2.jpg
2743.0,4.0,4.5,2.0,images/96_3.jpg
2588.0,3.0,2.5,1.0,images/96_4.jpg
2510.0,3.0,2.5,1.0,images/96_5.jpg
960.0,2.0,1.0,1.0,images/96_6.jpg
1285.0,2.0,2.0,1.0,images/96_7.jpg
2352.0,4.0,3.0,1.0,images/96_8.jpg
2039.0,3.0,2.0,1.0,images/96_9.jpg
2303.0,3.0,2.5,1.0,images/96_10.jpg
612.0,1.0,1.0,1.0,images/96_11.jpg
2400.0,4.0,3.5,1.0,images/96_12.jpg
2390.0,4.0,3.0,1.0,images/96_13.jpg
1448.0,2.0,2.0,1.0,images/96_14.jpg
2428.0,3.0,2.5,1.0,images/96_15.jpg
2235.0,4.0,3.0,2.0,images/96_16.jpg
1611.0,3.0,2.0,1.0,images/96_17.jpg
3952.0,4.0,4.0,2.0,images/96_18.jpg
1650.0,3.0,2.5,1.0,images/96_19.jpg
1599.0,3.0,2.5,1.0,images/96_20.jpg
1493.0,3.0,2.0,1.0,images/96_21.jpg
2686.0,4.0,2.5,1.0,images/96_22.jpg
2496.0,6.0,4.0,1.0,images/96_23.jpg
2084.0,3.0,2.5,2.0,images/96_24.jpg
1064.0,2.0,2.0,1.0,images/96_25.jpg
3152.0,5.0,3.5,1.0,images/96_26.jpg
1459.0,3.0,2.0,1.0,images/96_27.jpg
1956.0,3.0,2.5,1.0,images/96_28.jpg
525.0,1.0,1.0,2.0,images/96_29.jpg
1416.0,3.0,2.0,1.0,images/96_30.jpg
3574.0,4.0,4.5,2.0,images/98_1.jpg
4826.0,5.0,6.0,2.0,images/98_2.jpg
4898.0,5.0,5.5,3.0,images/98_3.jpg
2772.0,4.0,3.5,2.0,images/98_4.jpg
11000.0,5.0,5.0,3.0,images/98_5.jpg
2518.0,4.0,3.0,2.0,images/98_6.jpg
1677.0,3.0,2.0,1.0,images/98_7.jpg
2056.0,4.0,2.5,3.0,images/98_8.jpg
3131.0,4.0,3.5,2.0,images/98_9.jpg
1953.0,3.0,2.5,2.0,images/98_10.jpg
1936.0,3.0,2.5,2.0,images/98_11.jpg
1516.0,3.0,2.0,1.0,images/98_12.jpg
4038.0,4.0,3.5,2.0,images/98_13.jpg
2265.0,4.0,3.5,2.0,images/98_14.jpg
1159.0,3.0,1.0,1.0,images/98_15.jpg
2071.0,3.0,2.5,2.0,images/98_16.jpg
2632.0,4.0,2.5,2.0,images/98_17.jpg
1924.0,3.0,2.5,2.0,images/98_18.jpg
2340.0,3.0,2.5,2.0,images/98_19.jpg
2448.0,4.0,2.5,2.0,images/98_20.jpg
1737.0,4.0,3.0,2.0,images/98_21.jpg
2898.0,4.0,3.0,2.0,images/98_22.jpg
1991.0,3.0,2.5,1.0,images/98_23.jpg
1197.0,3.0,2.5,2.0,images/98_24.jpg
840.0,1.0,1.0,1.0,images/98_25.jpg
1653.0,3.0,1.5,2.0,images/98_26.jpg
1558.0,3.0,2.5,2.0,images/98_27.jpg
3435.0,4.0,4.5,2.0,images/98_28.jpg
2406.0,3.0,3.0,2.0,images/98_29.jpg
2224.0,4.0,3.0,2.0,images/98_30.jpg
